fold,replicate,epoch,rmse_typ,omega_1,omega_2,rho,sigma,LL
1,1,0,0.26198772,0.22557315,0.24289687,0.42172942,0.11900797,2580.4739
1,1,25,0.24474986,0.8835755,1.0838339,0.6605484,0.20027013,-325.99442
1,1,50,0.13677037,0.95419395,1.0070033,0.74951845,0.14628807,-481.6768
1,1,75,0.13470519,0.8509509,0.7054619,0.94966555,0.08619545,-565.6975
1,1,100,0.1295324,0.67968154,0.6734406,0.9713774,0.065471545,-611.2616
1,1,125,0.10498688,0.5147949,0.6324342,0.95840067,0.056066006,-524.79193
1,1,150,0.12970419,0.39784777,0.74200475,0.64436275,0.07402943,-626.02515
1,1,175,0.103548355,0.29607728,0.48593724,0.9223557,0.064848766,-621.5933
1,1,200,0.10227506,0.35984764,0.48324803,0.84340495,0.069057256,-635.7771
1,1,225,0.10890761,0.37426668,0.5455079,0.100645944,0.0916876,-623.3395
1,1,250,0.10033429,0.26405284,0.4371896,0.8260081,0.07668951,-648.82745
1,1,275,0.10585932,0.31212813,0.5669885,0.89193803,0.07066949,-612.3854
1,2,0,0.29238355,0.21357845,0.21155381,0.45427376,0.1391602,1527.0713
1,2,25,0.27321982,0.79913497,0.32215017,0.48857674,0.21788664,-289.26486
1,2,50,0.3376549,1.0825258,0.3697486,-0.94195306,0.28533348,-236.07246
1,2,75,0.32627806,1.273028,0.6374743,-0.9742898,0.27774638,-250.03252
1,2,100,0.3069416,1.4432253,0.6576274,-0.9577815,0.22437227,-288.9979
1,2,125,0.27954188,1.601195,0.2255204,-0.08022555,0.23041609,-304.0362
1,2,150,0.24948326,1.6326647,0.0990145,-0.40027294,0.19303653,-346.81494
1,2,175,0.2117044,1.6219999,0.45985124,0.99781305,0.1362816,-332.22864
1,2,200,0.23868522,0.9786045,0.69963175,-0.85576904,0.21196248,-317.0786
1,2,225,0.25744456,0.7986471,0.39628395,-0.8228549,0.25429013,-309.02863
1,2,250,0.24157257,0.78395814,0.45794463,-0.7068738,0.23739423,-327.0382
1,2,275,0.22543997,0.782753,0.2914817,-0.10055981,0.22324139,-350.8967
1,2,300,0.22450368,0.78266186,0.17724663,-0.3303385,0.2257494,-362.49814
1,2,325,0.22597,0.782655,0.2684414,0.06390501,0.22288641,-343.13495
1,2,350,0.22658941,0.78265464,0.18767191,0.111449674,0.22302987,-319.9989
1,2,375,0.23362647,0.7714467,0.32938763,-0.12936972,0.22415784,-347.1988
1,2,400,0.22666855,0.77105933,0.036892775,-0.3058224,0.22369282,-341.22485
1,2,425,0.22188115,0.7691221,0.1947168,-0.123800896,0.22474101,-359.76505
1,2,450,0.2242804,0.76612103,0.25815699,0.07976486,0.23688912,-344.69098
1,2,475,0.23975705,0.76386446,0.23900579,0.07877314,0.22623554,-317.03287
1,2,500,0.2560245,0.7636943,0.8053109,0.08268589,0.23738727,-266.68802
1,2,525,0.25820616,0.7587381,0.50853306,0.021680381,0.24572217,-267.1275
1,2,550,0.2574103,0.7494045,0.60577434,-0.048777387,0.23686805,-290.3582
1,2,575,0.2564141,0.7487142,0.7306919,-0.05534806,0.24136105,-298.15698
1,2,600,0.2554431,0.7488762,1.1128422,-0.05907247,0.23861083,-276.7286
1,2,625,0.254562,0.76888597,0.46974066,0.08216219,0.23804782,-239.17497
1,2,650,0.2533353,0.7778493,0.34092516,0.13634314,0.23413563,-309.1379
1,2,675,0.25010362,0.7825523,0.15894862,0.19222203,0.24325241,-326.39804
1,2,700,0.24518725,0.78278524,0.14639133,0.19666511,0.23794024,-322.4657
1,2,725,0.23845951,0.7248159,0.088477835,-0.8539166,0.23082766,-346.13516
1,2,750,0.22902371,0.71431595,0.2278579,-0.58418936,0.22398472,-354.3191
1,2,775,0.22239515,0.7081155,0.043947857,-0.89600915,0.21381992,-375.3876
1,2,800,0.22156933,0.70582706,0.009317449,-0.29454833,0.21275221,-377.85992
1,2,825,0.22141264,0.7048125,0.91563463,0.707672,0.21545444,-321.2977
1,2,850,0.22752829,0.70239955,3.1979938,0.7073693,0.24821849,-181.84917
1,2,875,0.23808056,0.7020972,3.3617363,0.7074422,0.24782462,-169.27943
1,2,900,0.24306227,0.7020751,3.3702707,0.70752037,0.2510158,-77.98919
1,2,925,0.24763106,0.7020736,3.3674042,0.7075997,0.24674438,-178.05873
1,2,950,0.25190225,0.7020736,3.3636532,0.70768017,0.24976055,-182.64316
1,2,975,0.25508305,0.7020736,3.3597937,0.7077619,0.24560198,-163.71957
1,3,0,0.3312069,0.1723212,0.2237695,0.49850115,0.13174492,2596.8953
1,3,25,0.22799793,0.8941594,0.43402365,0.78553945,0.24792092,-335.73962
1,3,50,0.11171499,0.897421,0.22227511,-0.58023745,0.21575625,-448.8874
1,3,75,0.26169893,0.7977237,0.90768474,-0.01890377,0.18695484,-204.48077
1,3,100,0.21863858,0.7652384,0.09694619,-0.63515645,0.22837885,-373.62872
1,3,125,0.21564336,0.72280586,0.16575024,-0.20690902,0.20314442,-384.4271
1,3,150,0.20719197,0.68649954,0.030323751,-0.999682,0.19878101,-393.62418
1,3,175,0.19266722,0.67471546,0.27822876,-0.9100878,0.19530624,-418.74704
1,3,200,0.16726555,0.6761,0.083908856,0.8853969,0.16877954,-479.34
1,3,225,0.17778462,0.71518046,0.27668923,0.99921227,0.12125326,-433.91156
1,3,250,0.37907842,1.5281441,1.0105278,-0.09946539,0.34166485,-150.01549
1,3,275,0.38210177,1.8895168,1.7155572,-0.34405917,0.55924565,-115.57335
1,3,300,0.3823131,1.9169778,1.7793123,-0.35597837,0.35031846,-168.8013
1,3,325,0.3823204,1.9394045,1.8413136,-0.36783865,0.3300459,-172.01405
1,3,350,0.38229987,1.9616007,1.9067323,-0.37986112,0.34891242,-167.43588
1,3,375,0.38228673,1.9673108,1.9346887,-0.3842478,0.35702154,-173.04172
1,3,400,0.38226593,1.9704518,1.9554095,-0.38674414,0.3523191,-174.59988
1,3,425,0.3822534,1.9698787,1.968429,-0.38830358,0.35715532,-173.02008
1,3,450,0.38227555,1.9733812,1.9859716,-0.3906887,0.3441025,-172.69939
1,3,475,0.38227847,1.9788452,2.0102022,-0.39385977,0.34798145,-171.07637
1,3,500,0.3822462,1.9826188,2.035438,-0.39748508,0.34768674,-165.23529
1,3,525,0.38221407,1.9848001,2.0540304,-0.400784,0.34521088,-173.79837
1,3,550,0.38216805,1.986552,2.0686023,-0.4033579,0.34836203,-173.99678
1,3,575,0.38212407,1.9878943,2.0770938,-0.40554276,0.3488524,-170.02684
1,3,600,0.38209566,1.9920615,2.0870225,-0.4092737,0.3467612,-153.44083
1,3,625,0.38204888,1.9996262,2.0965097,-0.4140146,0.3492475,-172.41234
1,3,650,0.3819947,2.0024831,2.0928054,-0.41869718,0.35726976,-170.47716
1,3,675,0.3819432,2.0063026,2.085575,-0.42520064,0.34541124,-162.12926
1,3,700,0.38184297,2.005883,2.076799,-0.42987773,0.345977,-172.34756
1,3,725,0.3817505,2.0045147,2.0658703,-0.4340286,0.34862596,-175.62244
1,3,750,0.38164616,2.0022173,2.0567837,-0.43907562,0.3451636,-176.2119
1,3,775,0.38151407,2.0025349,2.04693,-0.44493988,0.33927643,-172.83861
1,3,800,0.38131562,2.006887,2.0452936,-0.45112252,0.353618,-171.2465
1,3,825,0.38116416,2.001594,2.0309796,-0.4565168,0.34990856,-161.20712
1,3,850,0.38098148,1.9901537,2.015407,-0.45982054,0.35205466,-163.15604
1,3,875,0.38079146,1.982233,1.9968871,-0.46575117,0.35187632,-172.3934
1,3,900,0.3805561,1.9762738,1.96893,-0.47665966,0.34158877,-174.73164
1,3,925,0.380257,1.9793673,1.9352614,-0.49201718,0.34503132,-171.5112
1,3,950,0.3799707,1.9931859,1.8857993,-0.5204726,0.332837,-160.81174
1,3,975,0.37966794,2.0085971,1.8163064,-0.553655,0.35194516,-155.07787
1,3,1000,0.3793203,2.0321965,1.6813946,-0.6029002,0.33705652,-157.24054
1,3,1025,0.37885943,2.059482,1.5365732,-0.66876626,0.33054197,-160.14267
1,3,1050,0.378308,2.0647626,1.3793869,-0.74307925,0.3293697,-157.6617
1,3,1075,0.37271392,2.071619,1.1591731,-0.82227135,0.30816618,-183.68636
1,3,1100,0.3735121,2.0625978,0.8156849,-0.96936756,0.31623563,-173.44446
1,3,1125,0.37186703,2.0405562,0.634432,-0.99943745,0.30230826,-174.00728
1,3,1150,0.3695033,1.9948202,0.6164128,-0.99935925,0.33042333,-183.71843
1,3,1175,0.3659985,1.9401304,0.66674453,-0.99950486,0.32590136,-189.72856
1,3,1200,0.35824507,1.8703815,0.73443115,-0.9997067,0.31347114,-201.22266
1,3,1225,0.32469305,1.7799898,0.84702903,-0.99977994,0.24838784,-246.83841
1,3,1250,0.3787696,1.663773,0.064429045,-0.9895489,0.38405734,-179.86606
1,3,1275,0.3802983,1.7161951,0.039346274,0.8572768,0.33460212,-178.33667
1,3,1300,0.38027674,1.7269468,0.024257272,0.26876354,0.36480772,-179.11528
1,3,1325,0.38015452,1.7252145,0.03812749,-0.75015277,0.35148567,-177.33835
1,3,1350,0.38002834,1.7239163,0.0739709,-0.92886287,0.35868067,-177.18488
1,3,1375,0.37988374,1.7230647,0.107074454,-0.97052693,0.35440475,-178.10663
1,3,1400,0.3797441,1.7155714,0.1249865,-0.9780679,0.3583685,-175.34825
1,3,1425,0.37960714,1.7070737,0.1387369,-0.9816041,0.3568276,-173.99214
1,3,1450,0.37945002,1.6991963,0.15802988,-0.985598,0.3573525,-175.78786
1,3,1475,0.3792922,1.6897494,0.16367185,-0.9907991,0.36086205,-179.10916
1,3,1500,0.37910402,1.6843247,0.17579316,-0.9949405,0.35588884,-178.06635
1,3,1525,0.37886664,1.6852925,0.20681563,-0.9962724,0.35754028,-176.95303
1,3,1550,0.37859353,1.6833264,0.23890759,-0.9970969,0.35074574,-177.7713
1,3,1575,0.3782876,1.679511,0.2712598,-0.99758476,0.3536862,-180.34792
1,3,1600,0.37796366,1.6751604,0.3007158,-0.99795324,0.35118508,-179.67783
1,3,1625,0.3776268,1.6706412,0.33912593,-0.998324,0.35175237,-177.00827
1,3,1650,0.3772611,1.6572088,0.37561384,-0.99851906,0.3476085,-180.45068
1,3,1675,0.3768302,1.6468147,0.41103417,-0.99866587,0.35813338,-179.38762
1,3,1700,0.37629253,1.6419919,0.4507961,-0.9988514,0.34490898,-182.72244
1,3,1725,0.37562087,1.6498897,0.6196148,-0.9981639,0.3458036,-178.91943
1,3,1750,0.3749852,1.6460656,0.6664417,-0.9979603,0.33710417,-178.28008
1,3,1775,0.37411362,1.6507438,0.6776527,-0.99840117,0.34589487,-183.07765
1,3,1800,0.37288684,1.6704525,0.7028828,-0.9987646,0.30855903,-185.98412
1,3,1825,0.37060902,1.7316526,0.8168797,-0.99919003,0.29404822,-186.28949
1,3,1850,0.3664355,1.8270991,0.8961192,-0.9989735,0.28008214,-186.18054
1,3,1875,0.35915416,1.9115598,0.8707332,-0.99067,0.25436547,-231.45506
1,3,1900,0.3478709,1.9457874,0.77646863,-0.91887265,0.21182176,-255.52611
1,3,1925,0.33400232,1.9283003,0.31745607,-0.9998037,0.21803495,-240.92409
1,3,1950,0.31974837,1.9686047,0.18679635,-0.9860647,0.18549427,-188.2437
1,3,1975,0.31350687,2.4630907,1.4107245,0.28406793,0.21242066,-193.69966
1,3,2000,0.30710444,1.7895501,1.2304626,0.38268128,0.1797808,-232.4609
1,4,0,0.32651243,0.17571978,0.19806312,0.47814617,0.08866589,6072.2144
1,4,25,0.24721232,0.9018296,1.2592341,0.17052692,0.17855774,-383.37006
1,4,50,0.35837242,0.9912018,1.4367012,0.29344377,0.17209357,-100.958046
1,4,75,0.37415287,1.1567869,1.5652719,-0.029615708,0.23981526,-96.49246
1,4,100,0.37446204,1.2289653,1.7357508,-0.1669298,0.32245186,-177.40636
1,4,125,0.37425756,1.2647698,1.8267925,-0.20358247,0.33646235,-179.59258
1,4,150,0.37399927,1.297334,1.9069488,-0.22774297,0.32889578,-170.5644
1,4,175,0.37368414,1.3391037,1.9992527,-0.24818005,0.3182857,-182.46056
1,4,200,0.37332758,1.391296,2.0785084,-0.25408518,0.30985093,-183.28331
1,4,225,0.37281835,1.4481097,2.1792,-0.27831495,0.30158427,-175.20062
1,4,250,0.37220436,1.5122954,2.2688131,-0.30056795,0.288584,-193.17204
1,4,275,0.37159425,1.5904847,2.2641282,-0.28665194,0.27624655,-205.10149
1,4,300,0.3874906,1.6959611,2.2170396,-0.12304972,0.27068153,-116.74384
1,5,0,0.30199033,0.21857458,0.23472783,0.43103027,0.14931427,1711.2441
1,5,25,0.22275244,0.76153445,0.12052296,-0.25812465,0.25433126,-360.0627
1,5,50,0.21860297,0.80970895,0.10279419,-0.8910484,0.21932386,-376.68976
1,5,75,0.2371135,0.7561157,0.10723905,0.9780294,0.14780103,-221.57559
1,5,100,0.2612783,0.7261996,0.5415027,0.94665116,0.27870336,-307.9185
1,5,125,0.25067064,0.72417283,0.38257527,0.97610396,0.23636758,-325.2157
1,5,150,0.22438383,0.72401345,0.10356631,0.9997,0.22686045,-362.93063
1,5,175,0.21991013,0.7234333,0.012269602,0.9999912,0.21049252,-376.6651
1,5,200,0.24207358,0.72048306,1.2913743,-0.7073729,0.29027325,-289.1277
1,5,225,0.25244418,0.7194191,1.8559936,-0.70767915,0.22165146,-284.08032
1,5,250,0.25491735,0.7195023,1.8941162,-0.7080541,0.21695091,-289.68878
1,5,275,0.2588403,0.71950996,1.8920599,-0.7084332,0.21314414,-300.4282
1,5,300,0.26084617,0.71951044,1.8871324,-0.7088009,0.21017656,-304.2113
1,5,325,0.26079023,0.71951044,1.8820536,-0.709164,0.20533764,-313.09534
1,5,350,0.34601784,0.74297726,1.879143,-0.70949125,0.26754755,-210.51256
1,5,375,0.35029975,0.74847054,1.881101,-0.7093801,0.31335315,-219.03497
1,5,400,0.35647246,0.7655181,1.8829949,-0.70932364,0.29085013,-209.82068
1,5,425,0.36350703,0.7602289,1.8867279,-0.70904386,0.33145568,-196.38951
1,5,450,0.36356243,0.75869876,1.8887235,-0.7088972,0.33130667,-190.47115
1,5,475,0.36316383,0.7586262,1.8904104,-0.7087775,0.3315545,-203.24411
1,5,500,0.36269212,0.75895256,1.8922473,-0.708649,0.32808295,-201.36174
1,5,525,0.36218923,0.7596232,1.8940449,-0.70852536,0.32852462,-192.18707
1,5,550,0.36164758,0.7601018,1.8960118,-0.7083889,0.3271786,-202.38522
1,5,575,0.3610998,0.76037264,1.8977184,-0.70826983,0.3262469,-203.37822
1,5,600,0.3604875,0.7604564,1.8996216,-0.70813584,0.32649392,-205.53108
1,5,625,0.3598284,0.76076907,1.9016905,-0.70799136,0.32038245,-208.6663
1,5,650,0.359097,0.7608492,1.9041353,-0.70781934,0.32374647,-206.32834
1,5,675,0.3582136,0.7352534,1.9075415,-0.70743996,0.31490037,-207.40129
1,5,700,0.35735622,0.73097384,1.9099971,-0.707244,0.3236171,-208.95543
1,5,725,0.35645354,0.73065907,1.9122244,-0.70708585,0.31927148,-208.02473
1,5,750,0.35546985,0.73152584,1.914578,-0.7069247,0.3131182,-211.82379
1,5,775,0.3543765,0.7316392,1.917116,-0.7067474,0.31636438,-212.44704
1,5,800,0.3531707,0.73211706,1.9198432,-0.70655847,0.30988687,-216.63019
1,5,825,0.35181907,0.7344489,1.9227322,-0.70636797,0.30650645,-215.89981
1,5,850,0.35030884,0.73557234,1.9259367,-0.7061497,0.30398208,-220.88908
1,5,875,0.3486133,0.73565465,1.9293438,-0.70591277,0.3010334,-222.63187
1,5,900,0.34673154,0.7356607,1.9329798,-0.7056599,0.29267737,-224.89256
1,5,925,0.3445838,0.735661,1.936932,-0.7053853,0.28910384,-228.74022
1,5,950,0.342236,0.7366068,1.9409199,-0.7051135,0.284503,-233.07953
1,5,975,0.33957776,0.7368701,1.9452125,-0.7048178,0.27906784,-236.04831
1,5,1000,0.33662614,0.7368895,1.9495848,-0.7045159,0.27495927,-239.7406
1,5,1025,0.333464,0.7373369,1.9536911,-0.7042338,0.27032706,-247.8035
1,5,1050,0.33025584,0.73756367,1.9571537,-0.70399606,0.26299712,-251.66235
1,5,1075,0.3267428,0.73758036,1.9603907,-0.7037736,0.25900018,-247.21219
1,5,1100,0.3234872,0.7373524,1.9623445,-0.70363855,0.25141093,-255.46667
1,5,1125,0.32042527,0.73774844,1.9632002,-0.7035817,0.2505207,-237.43774
1,6,0,0.34085563,0.18039183,0.22117093,0.43744382,0.096191525,4830.1514
1,6,25,0.251513,0.9782627,0.98754704,0.35142848,0.18682273,-373.19217
1,6,50,0.21176638,1.0268618,0.96180683,0.6030512,0.1663034,-420.6906
1,6,75,0.16709644,1.0037634,0.8440134,0.9911933,0.12348561,-534.5004
1,7,0,0.26151627,0.22586814,0.18077557,0.5250836,0.12530586,1243.7634
1,7,25,0.13088323,0.82878894,0.6477777,-0.8507293,0.21811575,-434.4013
1,7,50,0.2243988,0.81049436,0.15981132,0.88974315,0.19919829,-354.13715
1,7,75,0.22396632,0.7640225,0.15623607,-0.9997049,0.22992194,-364.01523
1,7,100,0.22213067,0.722023,0.026135439,-0.99779457,0.21655498,-366.21933
1,7,125,0.22301553,0.68670934,0.029283125,-0.42121953,0.2180337,-360.7457
1,7,150,0.22252886,0.6357085,0.040591475,-0.9788519,0.21720727,-352.1083
1,7,175,0.22189175,0.6014539,0.8493329,-0.67274475,0.23288003,-307.30005
1,7,200,0.22956614,0.122935414,0.8087591,-0.8472418,0.2277266,-316.42603
1,7,225,0.23856276,0.18781205,0.7547238,0.9196413,0.2302216,-278.00946
1,7,250,0.6021102,0.066722594,0.5008317,0.93889534,0.6624472,-10.650636
1,7,275,0.5155885,0.064405255,0.5853824,0.92884105,0.41742927,-8.769678
1,7,300,0.45102558,0.06307433,0.6461032,0.9231557,0.38714853,-155.2368
1,7,325,0.39377755,0.063994326,0.5165901,0.9399248,0.32273453,-89.48869
1,7,350,0.3153831,0.063757494,0.37566635,0.95854,0.33258852,-153.03262
1,7,375,0.32788035,0.06179338,0.5323541,0.9672628,0.28281683,-226.69704
1,7,400,0.28874886,0.06193619,0.33827215,0.98485714,0.2820268,-189.8793
1,7,425,0.27134475,0.05945523,0.3723708,0.98766625,0.26240999,-239.6703
1,7,450,0.24464719,0.060283855,0.2211179,0.9974543,0.25004363,-309.2213
1,7,475,0.23624904,0.06447862,0.20702355,0.99889374,0.24258304,-321.24045
1,7,500,0.22746734,0.05857828,0.20349352,0.99969304,0.23564227,-239.9288
1,7,525,0.22307485,0.05186365,0.2553632,0.9999602,0.22315252,-344.40897
1,7,550,0.22314605,0.05120167,0.29997158,0.9996988,0.23240666,-360.74896
1,7,575,0.22339265,0.04711216,0.20876159,0.9999481,0.23992246,-340.6054
1,7,600,0.22326262,0.046720035,0.05801307,0.99991393,0.23116271,-176.33
1,7,625,0.22373538,0.04417862,0.21879666,0.9997706,0.22049494,-330.63605
1,7,650,0.22335534,0.04024298,0.19135118,0.999926,0.23221284,-367.02936
1,7,675,0.22745384,0.035209246,1.3227904,0.9999348,0.26208743,-243.10085
1,7,700,0.22809298,0.031698573,1.0847402,0.99999493,0.244734,-267.54034
1,7,725,0.22349782,0.031456627,0.4058587,0.9999976,0.22659409,-336.24323
1,7,750,0.2245991,0.031493805,0.085736096,0.99997085,0.23085433,-367.28925
1,7,775,0.22430694,0.019527735,0.1385539,0.9997912,0.24049924,-346.20844
1,7,800,0.22314778,0.012822978,0.1258223,0.9999784,0.23709285,-362.3256
1,7,825,0.22256626,0.008614807,0.12822352,0.99999434,0.22834867,-361.58063
1,7,850,0.2225984,0.007291939,0.2192945,-0.999991,0.2527767,-327.11237
1,7,875,0.22349876,0.012934299,0.21905412,-0.9999989,0.2375265,-322.9614
1,7,900,0.22416943,0.017750192,0.39101356,-0.99999696,0.23110405,-276.96292
1,7,925,0.2244486,0.024926182,0.30885583,-0.99999964,0.23470764,-283.77863
1,7,950,0.2258311,0.018381525,0.475916,-0.99999917,0.23051038,-355.67654
1,7,975,0.22435737,0.003983633,0.4038755,-0.99999964,0.23116545,-348.32156
1,7,1000,0.2236405,0.0041606063,0.42715302,-0.99999976,0.2544896,-328.2058
1,7,1025,0.22169784,0.023291621,0.3373354,-0.9999999,0.2489499,-323.53482
1,7,1050,0.22163543,0.008137684,0.32126862,1.0,0.23285094,-201.63467
1,7,1075,0.22173883,0.0065813274,0.3298844,1.0,0.27229896,-290.0545
1,7,1100,0.22155777,0.004988796,0.3957421,1.0,0.25168866,-305.61472
1,7,1125,0.21738884,0.6371601,0.21509759,-0.9999852,0.23397611,-338.17722
1,7,1150,0.21483007,1.2044144,0.12156664,-0.90996903,0.21612185,-373.74582
1,7,1175,0.21312691,1.2463124,0.23550119,-0.80236775,0.2097823,-382.82526
1,7,1200,0.21337946,1.2534853,0.15057646,-0.9654718,0.20849632,-382.61496
1,7,1225,0.2130552,1.2562459,0.1591751,-0.9864354,0.20884088,-385.71527
1,7,1250,0.21219917,1.2564477,0.14449713,-0.9934061,0.2069505,-380.9908
1,7,1275,0.21131654,1.2564623,0.12275545,-0.9980034,0.20618296,-384.91763
1,7,1300,0.21063496,1.2564632,0.1741079,-0.9941433,0.20421758,-389.95053
1,7,1325,0.21008863,1.2602313,0.18583041,-0.99339205,0.20250724,-391.7308
1,7,1350,0.20940034,1.2594131,0.13461964,-0.99951106,0.20351563,-391.79752
1,7,1375,0.20906824,1.2547,0.12745424,-0.9999568,0.20169272,-395.77502
1,7,1400,0.20970906,1.2397171,0.15424702,-0.9999662,0.20378256,-387.06894
1,7,1425,0.20873854,1.2374452,0.24895047,-0.9999492,0.200725,-395.14056
1,7,1450,0.20754604,1.2289151,0.22665058,-0.99999815,0.20432945,-356.23422
1,7,1475,0.20617054,1.2269831,0.29279375,-0.9999994,0.1979213,-397.3854
1,7,1500,0.20481086,1.2231786,0.15532225,-0.9999993,0.19776657,-401.94333
1,7,1525,0.20336495,1.2227738,0.12184291,-0.9999992,0.19771531,-401.12875
1,7,1550,0.20190431,1.2199361,0.11185389,-0.9999997,0.19657962,-411.4086
1,7,1575,0.20010617,1.2247833,0.08095884,-1.0,0.19431534,-409.3867
1,7,1600,0.19827518,1.2251756,0.07887324,-1.0,0.19104,-406.96503
1,7,1625,0.19591638,1.2240326,0.07546055,-1.0,0.19051684,-425.99762
1,7,1650,0.19320057,1.2239496,0.065525465,-1.0,0.1878266,-422.90225
1,7,1675,0.1904007,1.2221074,0.094804786,-1.0,0.18569766,-424.32047
1,7,1700,0.18778968,1.2187473,0.1288046,-1.0,0.1811276,-444.21243
1,7,1725,0.18296447,1.2144427,0.12360146,-1.0,0.17686763,-442.3521
1,7,1750,0.17681645,1.2133181,0.6838064,-0.9999996,0.20539133,-432.65863
1,7,1775,0.3045972,3.3514826,0.24300368,0.99936444,0.35491696,-235.9015
1,7,1800,0.3223301,3.9459841,0.9601615,0.9953213,0.2985283,-229.84294
1,7,1825,0.32305023,3.9891527,1.4983631,0.9785683,0.2666965,-241.02568
1,7,1850,0.32279515,3.9922936,1.7391427,0.96192735,0.25998408,-245.37166
1,7,1875,0.32244822,3.9925222,1.868194,0.94868946,0.2553547,-256.8203
1,7,1900,0.32213154,3.9925392,1.9479026,0.9390184,0.2568091,-251.59023
1,7,1925,0.3217866,3.9925394,2.0262196,0.9285851,0.26092297,-248.29907
1,7,1950,0.32154965,3.9925394,1.9629698,0.9376115,0.25664815,-247.17982
1,7,1975,0.32141578,3.9925394,1.8075507,0.9578944,0.2467959,-236.27931
1,7,2000,0.32131568,3.9925394,1.6714473,0.9729634,0.24957731,-234.2744
1,8,0,0.31557694,0.20565529,0.21432509,0.46537152,0.11015973,4794.0273
1,8,25,0.12110054,0.82836723,0.24953513,0.7792115,0.19897145,-468.0507
1,8,50,0.111535355,0.8635223,0.19756232,0.9846172,0.15303177,-507.19955
1,8,75,0.12977178,0.83731693,0.40181985,0.99999183,0.10658794,-596.8874
1,8,100,0.136553,0.8099208,0.36644882,0.9848642,0.07897578,-615.26025
1,8,125,0.12901779,0.8002299,0.3109128,0.9987073,0.06827884,-604.731
1,8,150,0.15305966,0.78505105,0.4823469,0.9807913,0.062958285,-687.39954
1,8,175,0.16882662,0.77770764,0.5189911,0.9858428,0.054126874,-647.66876
1,8,200,0.19733727,0.7919432,0.4752036,0.9899574,0.054249734,-597.1192
1,8,225,0.20427388,0.8225309,0.54252714,0.9999043,0.05775826,-600.37646
1,8,250,0.19632334,0.92185456,0.6559037,0.97434056,0.08940484,-577.774
1,8,275,0.18849759,0.9223439,0.54971623,0.9967113,0.05410316,-664.56
1,8,300,0.23496358,0.9199226,0.97792,0.9955412,0.034183223,-678.50134
1,8,325,0.25346327,1.0160944,1.4735869,0.9691422,0.031077828,-684.01013
1,8,350,0.23311523,1.1023225,1.4462498,0.97888345,0.032309417,-694.1769
1,8,375,0.24543738,1.1552922,1.1244537,0.985934,0.032544266,-606.35864
1,8,400,0.19314936,1.1826173,1.5993661,0.96825033,0.03481733,-685.20856
1,8,425,0.30131304,1.2051276,1.3593042,0.9688228,0.031999122,-504.94476
1,8,450,0.25427467,1.2853944,1.7390305,0.96743226,0.034384117,-645.75586
1,8,475,0.19966207,1.3369195,1.3038476,0.9585055,0.033361718,-697.4902
1,9,0,0.30764586,0.2278871,0.22132891,0.48967916,0.11853531,1893.7485
1,9,25,0.23783767,0.6409617,0.30858666,-0.75520927,0.24521035,-339.97388
1,9,50,0.2429483,0.67479706,0.20595217,-0.7749438,0.24316642,-334.86066
1,9,75,0.23924637,0.6759008,0.12888521,-0.8573662,0.2328059,-341.71103
1,9,100,0.23304729,0.671588,0.12353576,-0.8727803,0.23186982,-352.75592
1,9,125,0.22307856,0.6669391,0.07152644,-0.9547373,0.22013113,-371.10815
1,9,150,0.22150703,0.65829754,0.012019707,0.83162147,0.21463232,-372.3558
1,9,175,0.21909486,0.6514575,0.00198915,-0.37260795,0.21338905,-376.79694
1,9,200,0.22972837,0.6470834,1.6490548,-0.70795745,0.23852143,-271.76657
1,9,225,0.23325326,0.64488393,1.8454682,-0.70839065,0.23736593,-262.9169
1,9,250,0.23684363,0.64342594,1.857561,-0.7088883,0.2369293,-266.96448
1,9,275,0.2408573,0.64843714,1.8554958,-0.70939857,0.23971368,-246.814
1,9,300,0.24468055,0.6557416,1.8523467,-0.7099093,0.23990615,-230.81046
1,10,0,0.30361456,0.25108463,0.21997844,0.4766664,0.05306128,8705.844
1,10,25,0.25581548,0.8883523,1.017867,0.44359046,0.16909929,-225.41139
1,10,50,0.26587197,0.9470284,0.99394494,0.45783463,0.23118334,-295.7712
1,10,75,0.26580817,0.9524738,0.89240384,0.4825859,0.24144459,-296.25168
1,10,100,0.26416773,0.9526379,0.7826503,0.5115561,0.2409833,-304.38162
1,10,125,0.26203716,0.9547486,0.7017258,0.5442739,0.24047899,-298.919
1,10,150,0.25902855,0.955008,0.6389646,0.5683805,0.24122432,-303.91943
1,10,175,0.2553992,0.95502853,0.59751904,0.5853012,0.24174605,-304.76178
1,11,0,0.3255055,0.21262765,0.2201058,-0.433029,0.035310082,18140.885
1,11,25,0.40026927,0.80310273,1.0508764,-0.40032482,0.08342809,604.9264
1,11,50,0.2770164,0.86469233,1.0235782,-0.38631836,0.15806513,-153.93877
1,11,75,0.2438715,0.870253,0.8177215,-0.43493763,0.20452087,-292.79944
1,11,100,0.22257711,0.8704991,0.5450257,-0.54240143,0.22095859,-331.04657
1,11,125,0.22220908,0.8703877,0.28384322,-0.75613046,0.22319181,-362.65097
1,11,150,0.22128357,0.87100476,0.12908457,-0.9530544,0.21982843,-370.361
1,11,175,0.22104791,0.8672761,0.08683237,-0.9985121,0.21675523,-364.7856
1,11,200,0.22189489,0.86690646,0.3064227,-0.96131396,0.22334914,-352.79736
1,11,225,0.34380704,1.2734017,0.58830297,0.7819512,0.2580874,-179.57362
1,11,250,0.34953663,1.318244,0.8147445,0.71336126,0.3115938,-203.29341
1,11,275,0.34990686,1.3216437,0.9180155,0.66557026,0.32796204,-210.08507
1,11,300,0.3499162,1.3218769,0.98145205,0.63651067,0.32859227,-209.83209
1,11,325,0.34989756,1.3218831,1.0425107,0.61044073,0.3265088,-211.24089
1,11,350,0.34987545,1.321883,1.1109105,0.5837089,0.32408774,-212.91174
1,11,375,0.34985211,1.3218753,1.1821473,0.5583582,0.3226603,-212.43532
1,11,400,0.34982687,1.3218718,1.2719777,0.5295481,0.31821424,-214.43364
1,11,425,0.34979996,1.321853,1.3674867,0.5022365,0.31541592,-214.242
1,11,450,0.34977216,1.3218291,1.4511446,0.48066851,0.31626067,-217.24963
1,11,475,0.3497453,1.3218082,1.543895,0.45898116,0.31243435,-217.32233
1,11,500,0.34971568,1.3218186,1.6613508,0.43449262,0.30274016,-224.14256
1,11,525,0.34968275,1.3218211,1.7872225,0.41126946,0.29802918,-223.45064
1,11,550,0.34961775,1.3212078,1.9032271,0.39134166,0.29376417,-208.61581
1,11,575,0.34954464,1.3209809,2.0194519,0.37379256,0.2971303,-222.93526
1,11,600,0.34948146,1.3209078,2.1292212,0.35888168,0.29812643,-230.10011
1,11,625,0.34944078,1.320901,2.2417984,0.34497848,0.2926522,-228.34819
1,11,650,0.34939858,1.320901,2.3631039,0.3312888,0.28844446,-230.19206
1,11,675,0.34935284,1.3208108,2.4870071,0.3184131,0.28441495,-232.70522
1,11,700,0.3493065,1.3208016,2.6164372,0.30617797,0.27932942,-233.03577
1,11,725,0.34925815,1.3207991,2.7490957,0.29468626,0.2768117,-234.58199
1,11,750,0.3492089,1.3207918,2.880616,0.2842029,0.2720894,-233.85596
1,11,775,0.34915963,1.3207834,3.0074127,0.27485406,0.264979,-243.04437
1,11,800,0.34910983,1.3207767,3.131582,0.26634145,0.25901186,-242.15363
1,11,825,0.34906122,1.3207736,3.2438507,0.25913948,0.25403062,-242.74226
1,11,850,0.34901392,1.3207674,3.3436377,0.25309098,0.24967957,-235.74521
1,11,875,0.34896943,1.3207672,3.4284859,0.24819145,0.24534905,-246.56664
1,11,900,0.34892347,1.3207672,3.5162315,0.2433435,0.24293363,-239.3753
1,11,925,0.34887853,1.3207672,3.5934868,0.23924701,0.24160217,-244.08112
1,11,950,0.3488341,1.3207672,3.664895,0.23559509,0.24088654,-245.88947
1,11,975,0.34879217,1.3207659,3.7223718,0.23274413,0.2382916,-244.96288
1,11,1000,0.34874785,1.3207599,3.7860742,0.22967058,0.2388973,-244.75615
1,11,1025,0.34870458,1.3207597,3.843174,0.22699471,0.23845747,-239.80318
1,11,1050,0.34866124,1.3207597,3.8980641,0.22448717,0.23861149,-249.83159
1,12,0,0.33072072,0.16931859,0.19786261,0.54558414,0.11025935,1989.0323
1,12,25,0.22593948,0.9568656,0.68689674,-0.9440383,0.21779183,-365.69727
1,12,50,0.30563593,1.1797931,0.73805827,-0.6321018,0.23463203,-278.92868
1,12,75,0.25602284,1.3365567,0.58430856,-0.57680523,0.21241777,-323.25
1,12,100,0.17973554,1.3096514,0.13969126,0.9986329,0.15952644,-446.82764
1,12,125,0.16412309,0.9907921,0.37492043,0.9984337,0.08981061,-545.2119
1,12,150,0.1089725,0.6466779,0.5607059,0.9869592,0.06436265,-642.3764
1,12,175,0.11417852,0.3523365,0.27843687,0.9978437,0.043928318,-802.34344
1,12,200,0.0974521,0.40856043,0.2805756,0.78211254,0.03702137,-792.42285
1,12,225,0.08779249,0.37726504,0.24185048,0.8799878,0.031238792,-850.5246
1,12,250,0.25230557,1.9458113,1.6444921,-0.64138526,0.21625504,-260.36908
1,12,275,0.28558302,2.7294266,2.2909946,-0.6790413,0.5637917,-134.27222
1,12,300,0.28877157,2.788439,2.2355263,-0.6705705,0.38410947,-216.25006
1,12,325,0.29001784,2.792553,2.1069489,-0.656312,0.26292986,-267.7063
1,12,350,0.2907943,2.792837,1.9635404,-0.63888144,0.23275763,-273.2041
1,12,375,0.29116827,2.79286,1.8204416,-0.61958206,0.23616861,-278.95932
1,12,400,0.29112542,2.7924607,1.6840076,-0.5993813,0.2382018,-279.1417
1,12,425,0.2906932,2.7923803,1.5531749,-0.5777576,0.23794013,-280.5376
1,12,450,0.2896874,2.7922132,1.4376168,-0.556727,0.2381847,-285.41885
1,12,475,0.28811342,2.7918756,1.3371931,-0.5369527,0.23853166,-288.46207
1,12,500,0.28615457,2.7916803,1.2414132,-0.5164134,0.23828137,-288.27264
1,12,525,0.28398344,2.792682,1.1431527,-0.49256533,0.23799399,-291.8922
1,12,550,0.28135887,2.7928302,1.0493357,-0.46832865,0.23813021,-290.4137
1,12,575,0.2783044,2.794111,0.9550107,-0.4407284,0.23813576,-295.519
1,12,600,0.27481398,2.7954667,0.86141926,-0.4105589,0.23779401,-294.36734
1,12,625,0.3513694,2.8431273,1.01737,-0.40500516,0.29151264,-203.50931
1,12,650,0.35572997,2.8269193,1.437871,-0.5154946,0.3291407,-206.31398
1,13,0,0.33204204,0.17665027,0.19178095,0.52522045,0.09220812,6348.04
1,13,25,0.18597247,0.8064616,0.55216724,0.21261333,0.16922814,-452.64905
1,13,50,0.34458354,0.89187926,0.3928227,-0.9929819,0.18593486,-99.83384
1,13,75,0.35242227,0.9770035,0.5342485,-0.9359714,0.27900183,-201.85095
1,13,100,0.3529092,1.0139793,0.5610767,-0.93058383,0.31579056,-211.342
1,13,125,0.35286576,1.0400674,0.5771078,-0.93343604,0.3152032,-212.59663
1,13,150,0.35277408,1.0677168,0.59328467,-0.93701977,0.30955252,-213.19319
1,13,175,0.35267562,1.0996659,0.6096329,-0.9402305,0.30940205,-208.9073
1,13,200,0.35258156,1.1384503,0.6227067,-0.9425615,0.31226775,-216.94487
1,13,225,0.35249308,1.1764368,0.63517505,-0.94472593,0.3147352,-212.46512
1,13,250,0.35239726,1.2237505,0.6483597,-0.9469106,0.3014377,-216.55783
1,13,275,0.35236248,1.2845081,0.65697217,-0.94769144,0.29374853,-208.90521
1,13,300,0.35233483,1.3464003,0.66850317,-0.94852895,0.29305512,-197.36766
1,13,325,0.35222465,1.3895882,0.6838459,-0.9508861,0.3060524,-220.18088
1,13,350,0.35210475,1.4303013,0.69882405,-0.9532526,0.3019635,-212.02588
1,13,375,0.35202652,1.4785912,0.6997623,-0.9538241,0.30346453,-210.48903
1,13,400,0.3519153,1.5315865,0.7025394,-0.9545387,0.29439446,-223.19075
1,13,425,0.35178405,1.5878549,0.7030259,-0.9550589,0.2925068,-230.72963
1,13,450,0.3516344,1.6442897,0.7035066,-0.95558316,0.2843274,-222.31093
1,13,475,0.35146743,1.698265,0.70624834,-0.9563938,0.29011995,-221.01456
1,13,500,0.3513079,1.748357,0.7033321,-0.9564307,0.28826407,-221.20824
1,13,525,0.3511267,1.8000894,0.7012357,-0.956541,0.2855422,-230.55338
1,13,550,0.35093927,1.850296,0.69834006,-0.95670766,0.28357634,-227.72757
1,13,575,0.35073972,1.8993855,0.69570553,-0.95697033,0.28118908,-234.9474
1,13,600,0.35052755,1.9522042,0.69461274,-0.95759845,0.27628028,-224.73576
1,13,625,0.35030982,2.0065508,0.6867611,-0.9575629,0.27329046,-225.84915
1,13,650,0.35006022,2.065519,0.68345,-0.9583887,0.26711872,-214.15611
1,13,675,0.349813,2.1224005,0.67785347,-0.959138,0.2763782,-237.44937
1,13,700,0.35125425,2.1765997,0.6618243,-0.95876414,0.26193985,-229.72089
1,13,725,0.3513744,2.2378373,0.6728481,-0.96106195,0.26898706,-220.84511
1,13,750,0.35116318,2.2899365,0.6924519,-0.963969,0.27539834,-228.81194
1,13,775,0.35331514,2.3385782,0.91040665,-0.97355485,0.2786014,-246.67596
1,13,800,0.3534898,2.3821235,0.9462564,-0.97462094,0.279447,-222.11844
1,13,825,0.3533639,2.4177222,0.9416719,-0.9744465,0.2924731,-247.71353
1,13,850,0.35323396,2.4476595,0.9220833,-0.97349507,0.29062542,-214.35194
1,13,875,0.35309526,2.4711678,0.90892094,-0.97295105,0.31228477,-222.31978
1,13,900,0.35294366,2.4972692,0.896862,-0.9726196,0.28661948,-226.60509
1,13,925,0.3528067,2.5270894,0.8649969,-0.9708554,0.29012778,-213.10086
1,13,950,0.3526803,2.5552616,0.8280347,-0.9685553,0.29197487,-222.34813
1,13,975,0.35254285,2.5807137,0.7987764,-0.96679413,0.28717145,-194.93623
1,13,1000,0.35236818,2.6106796,0.78043205,-0.9660038,0.2817974,-210.73944
1,13,1025,0.35221338,2.6321802,0.7559977,-0.96469784,0.28731564,-260.01962
1,14,0,0.26484445,0.21921569,0.19907893,0.5263049,0.12187292,937.0632
1,14,25,0.15693833,1.1213591,0.80285203,-0.6997029,0.21633801,-397.01077
1,14,50,0.25755116,0.89445055,0.38266918,-0.8688977,0.21134885,-309.21176
1,14,75,0.2627609,0.86145836,0.5012785,-0.643719,0.2567345,-311.06204
1,14,100,0.25300378,0.8586099,0.39906847,-0.72166246,0.23870042,-323.367
1,14,125,0.22244586,0.8560649,0.08778491,0.9590132,0.21599045,-370.56375
1,14,150,0.22892877,0.8558151,0.9605102,0.5113518,0.22358234,-314.4435
1,14,175,0.23886299,0.8558944,0.83418596,0.18363793,0.22886474,-326.1147
1,14,200,0.2139159,0.8526165,0.5269684,-0.034869358,0.2152823,-361.41028
1,14,225,0.21108727,0.85229564,0.13908695,0.047238007,0.204782,-388.88107
1,14,250,0.20481208,0.8546987,0.01400703,-0.07876145,0.19903837,-409.06494
1,14,275,0.19415016,0.85492796,1.2971616,-0.6179436,0.20205735,-365.1409
1,14,300,0.22689688,0.8574629,1.034981,-0.39494154,0.21398586,-296.73053
1,14,325,0.19945414,0.8557335,0.7918496,-0.1646812,0.19428992,-379.523
1,14,350,0.19202389,0.85345525,0.562096,-0.008025109,0.18745446,-417.50885
1,14,375,0.16211902,0.83799607,0.3716693,0.003047028,0.16383669,-467.4511
1,14,400,0.11202334,0.8315141,0.13156307,-2.8120623e-5,0.10887558,-619.6712
1,14,425,0.09730242,0.8281727,0.041514788,0.0026597595,0.09185258,-684.9273
1,14,450,0.09068149,0.8296744,0.0035579226,-0.23073937,0.083973646,-713.48737
1,14,475,0.08749335,0.8251047,0.0070057083,-0.3659418,0.08066207,-727.2559
1,14,500,0.08591576,0.8204075,0.023862567,-0.87025183,0.079058066,-732.0715
1,14,525,0.084916994,0.81923544,0.034082185,-0.87319636,0.07720521,-733.85095
1,14,550,0.084059246,0.81919825,0.077813804,-0.9145509,0.076371156,-740.47876
1,14,575,0.0836464,0.81488025,0.057434995,-0.3420528,0.07505047,-744.90015
1,14,600,0.35917,1.79343,2.8885632,0.8441464,0.5204439,-159.93805
1,14,625,0.3658658,2.0338864,3.7671869,0.85268396,0.24223663,-206.07137
1,14,650,0.36609674,2.0516217,3.9125907,0.8571913,0.29620674,-178.9269
1,15,0,0.3757271,0.20776914,0.09687265,-0.98947877,0.11194416,2670.1426
1,15,25,0.38747457,0.88007075,0.9451302,-0.8773632,0.38617593,-171.49261
1,16,0,0.32415888,0.19360775,0.24180819,0.39093822,0.18308008,444.84705
1,16,25,0.25243855,1.045615,0.28528723,-0.2715322,0.25463453,-222.87904
1,16,50,0.2628606,1.1952724,0.80639,-0.9999689,0.22526541,-316.63412
1,16,75,0.2619777,1.2088344,0.8294519,-0.99993986,0.23091462,-310.54755
1,16,100,0.23704481,1.2100043,0.60235935,-0.999876,0.2221581,-345.01248
1,16,125,0.20246857,1.2101008,0.7415837,-0.9998567,0.22923714,-363.35025
1,16,150,0.25517386,0.21489689,1.7997556,-0.85160756,0.20905049,-303.5181
1,16,175,0.25048238,0.076948985,1.8757099,-0.86159503,0.20562235,-313.06247
1,17,0,0.31115472,0.17052388,0.20139,-0.5416307,0.14052032,1629.5214
1,17,25,0.16495359,0.87007755,0.2845428,-0.63213056,0.23904355,-396.0817
1,17,50,0.21811453,0.80193627,0.13533622,0.2439394,0.19441056,-373.59814
1,17,75,0.19244264,0.80338836,0.07009885,0.5365141,0.20858042,-415.75406
1,17,100,0.1685986,0.8067144,0.05149659,-0.62661505,0.16688749,-475.51065
1,17,125,0.14851244,0.80338126,0.17883031,-0.8583491,0.14273866,-517.5706
1,17,150,0.13518755,0.80289114,0.11071984,-0.7306181,0.12356516,-558.0594
1,17,175,0.12452022,0.8024394,0.13914153,-0.57864225,0.111520186,-599.3371
1,17,200,0.12075365,0.8183908,0.16747956,0.04792567,0.10140443,-623.6137
1,17,225,0.10492907,0.8470297,0.11717859,0.71585697,0.09350277,-662.8026
1,17,250,0.22815347,0.8547737,1.1640148,0.7122219,0.10252951,-356.03397
1,17,275,0.2736992,0.8585671,2.1169968,0.7100143,0.21726665,-318.25342
1,17,300,0.2756252,0.86158156,2.0982683,0.7034419,0.15717171,-343.3716
1,17,325,0.27470663,0.8612501,2.0241392,0.69739676,0.14276335,-388.53992
1,18,0,0.26142278,0.206985,0.20092519,-0.53355414,0.078188844,4244.343
1,18,25,0.17396457,1.0082163,0.69185245,0.26466933,0.15104407,-446.32843
1,19,0,0.31124842,0.18113583,0.22556552,0.50527424,0.13803884,2943.0562
1,19,25,0.21474937,0.84938824,0.22476593,-0.87299186,0.24280909,-361.8117
1,19,50,0.2037907,0.9164388,0.23104161,-0.894861,0.21972834,-394.578
1,19,75,0.19959925,0.92313486,0.05736512,0.84729517,0.19400798,-413.55707
1,19,100,0.28684112,0.922332,0.86825216,-0.93438655,0.2247015,-275.93152
1,19,125,0.2905093,0.9292527,1.2984291,-0.8995499,0.24771707,-288.11288
1,19,150,0.28598467,0.92948544,1.0288639,-0.93553257,0.23612785,-293.9323
1,19,175,0.27816233,0.92822474,0.9267996,-0.93914497,0.23630622,-291.6745
1,19,200,0.26775613,0.92587435,0.6973759,-0.9519502,0.23374994,-300.37115
1,19,225,0.25203177,0.9207953,0.59760255,-0.93144035,0.23123612,-204.24988
1,19,250,0.24569017,0.8879539,1.1232033,-0.20200588,0.22424853,-305.1219
1,19,275,0.24467513,0.8865487,0.5790696,0.15783982,0.22342704,-329.65942
1,19,300,0.22834216,0.8794093,0.19618262,-0.16993584,0.22403541,-357.3111
1,19,325,0.21057405,0.87263244,1.153822,-0.43366554,0.2065354,-287.6237
1,19,350,0.21428747,0.87210464,1.4124187,-0.018152734,0.230797,-272.5338
1,20,0,0.34001276,0.17475995,0.24459034,0.36783704,0.12001912,3273.6846
1,20,25,0.16101876,0.9474483,0.70369405,0.67837226,0.20038496,-398.9914
1,20,50,0.32944208,1.1213686,0.5440152,0.6545418,0.18238318,-236.13678
1,20,75,0.33001706,1.4423438,0.40222856,0.8268088,0.1679168,-306.04028
1,20,100,0.32758924,1.7275294,0.18855333,0.93618333,0.11089962,-413.97086
1,20,125,0.3262551,1.934842,0.31727514,0.62207675,0.07376149,-462.15552
1,20,150,0.32605544,2.082321,0.4547957,0.5501687,0.053085472,-486.25314
1,20,175,0.3277532,2.1908853,0.5850132,0.5979802,0.041500133,-496.44046
1,20,200,0.3308247,2.2788334,0.6801722,0.6395588,0.034980457,-499.96188
1,20,225,0.33529118,2.3573585,0.7797548,0.6805139,0.03114878,-497.95938
1,20,250,0.34143955,2.4341838,0.91773576,0.71858764,0.029112624,-489.3503
1,20,275,0.34684634,2.5153494,0.98787576,0.7531288,0.029022768,-469.75488
1,20,300,0.35176477,2.601316,1.0467472,0.8004039,0.029727506,-477.5419
1,20,325,0.35646576,2.6912246,1.055946,0.8372691,0.032077167,-463.27045
1,20,350,0.35929027,2.7831824,1.0500901,0.85813606,0.03363943,-474.64615
1,20,375,0.36226445,2.8713207,1.1098268,0.8590889,0.03230203,-478.79184
1,20,400,0.36536306,2.9583693,1.1875232,0.85938215,0.030788073,-467.59537
1,20,425,0.36889127,3.0459397,1.3322704,0.8679048,0.029260939,-459.56335
1,20,450,0.37207574,3.1415262,1.4167254,0.8823561,0.029759096,-458.8173
1,20,475,0.37465224,3.2428272,1.545325,0.8849563,0.03026244,-440.78235
1,20,500,0.37671813,3.3494914,1.5700902,0.90635794,0.03250942,-447.07568
1,20,525,0.37826446,3.4567816,1.5956706,0.9225459,0.034014322,-450.90982
1,20,550,0.37963468,3.5634034,1.5957826,0.9280227,0.0349625,-443.2631
1,20,575,0.38074565,3.665263,1.6689974,0.9288216,0.034792002,-444.22858
1,20,600,0.38175455,3.7657979,1.747247,0.938896,0.03584204,-438.6934
1,20,625,0.3825566,3.86618,1.8405125,0.93654877,0.03499577,-435.14017
1,20,650,0.38322774,3.9683774,1.82907,0.95142597,0.035897244,-442.62494
1,20,675,0.38380396,4.06757,1.8687453,0.95673597,0.037791323,-426.46686
1,20,700,0.38428524,4.164926,1.9271997,0.95805115,0.037809458,-431.94998
1,20,725,0.38470548,4.2618775,1.950386,0.96265376,0.0387154,-428.90048
1,20,750,0.38506272,4.3563275,2.0300026,0.96003866,0.03765839,-422.3525
1,20,775,0.38535723,4.4532094,2.0188813,0.96909523,0.042658307,-208.4792
1,20,800,0.38554958,4.556215,1.9264396,0.9854003,0.054814823,-414.4968
1,20,825,0.38571155,4.641505,2.0583036,0.9784157,0.045058157,-422.18332
1,20,850,0.38590235,4.7241344,2.1344807,0.97201705,0.03862147,-421.0688
1,20,875,0.3861011,4.816568,2.0235903,0.9911044,0.06383078,-252.46782
1,20,900,0.3861479,4.884891,1.9921767,0.9977966,0.42215657,-161.43062
1,20,925,0.38615346,4.8924165,2.1558175,0.9988307,0.2959653,-173.61821
1,20,950,0.38615534,4.9002633,2.2096725,0.9999898,0.32431936,-174.92776
1,20,975,0.3861568,4.907375,2.2401145,0.99999696,0.31535158,-175.13
1,20,1000,0.38615856,4.91506,2.243866,0.9999996,0.31726265,-173.85976
1,20,1025,0.38615993,4.9227943,2.24507,1.0,0.3171623,-171.92493
1,20,1050,0.38616118,4.930415,2.2493742,1.0,0.3168883,-173.83904
1,20,1075,0.38616276,4.9375415,2.266471,1.0,0.31707907,-176.38885
1,20,1100,0.38616416,4.9449296,2.2822692,1.0,0.31690794,-175.72012
1,20,1125,0.38616556,4.9530706,2.2812686,1.0,0.31702775,-175.04463
1,20,1150,0.38616696,4.960782,2.2846308,1.0,0.31715962,-173.48407
1,20,1175,0.38616726,4.968109,2.2919984,1.0,0.31721213,-172.32568
1,20,1200,0.3861694,4.9740663,2.3396585,1.0,0.31677523,-176.55067
1,20,1225,0.3861717,4.982144,2.3498209,1.0,0.31688604,-176.11584
1,20,1250,0.38617405,4.990868,2.3420668,1.0,0.3171479,-173.51894
1,20,1275,0.3861761,4.998855,2.3360524,1.0,0.31705162,-174.89977
1,20,1300,0.38617814,5.005507,2.355409,1.0,0.3171282,-174.86292
1,20,1325,0.38617852,5.01241,2.3524642,1.0,0.31742844,-174.37607
1,20,1350,0.38618043,5.0190187,2.362615,1.0,0.31723142,-174.78835
1,20,1375,0.38618162,5.025448,2.3744261,1.0,0.31549722,-174.6559
1,20,1400,0.3861849,5.0318885,2.3870676,1.0,0.31619322,-171.26839
1,20,1425,0.38618773,5.038866,2.38189,1.0,0.31593287,-172.43323
1,20,1450,0.38619024,5.045164,2.383519,1.0,0.31615117,-173.22508
1,20,1475,0.3861897,5.0537634,2.3455288,1.0,0.31771183,-172.52954
1,20,1500,0.38619062,5.0592756,2.391669,1.0,0.30604228,-172.5708
1,20,1525,0.38619244,5.0696015,2.3529716,1.0,0.30863136,-171.9191
1,20,1550,0.386195,5.07736,2.38687,1.0,0.30400583,-174.2337
1,20,1575,0.3861996,5.0890093,2.4075618,1.0,0.28771698,-174.16751
1,20,1600,0.3862038,5.1032214,2.429098,1.0,0.2886828,-174.0278
1,20,1625,0.38620812,5.1173267,2.4562538,1.0,0.2893743,-174.95303
1,20,1650,0.38621196,5.131406,2.4680023,1.0,0.28963783,-172.47432
1,20,1675,0.38621557,5.144435,2.491198,1.0,0.28957456,-173.77489
1,20,1700,0.38621888,5.1578164,2.4979188,1.0,0.2897096,-171.17229
1,20,1725,0.38622257,5.1689134,2.574239,1.0,0.28897187,-174.41255
1,20,1750,0.3862281,5.182658,2.6081028,1.0,0.2890792,-171.08578
1,20,1775,0.38623232,5.19795,2.594374,1.0,0.2719517,-176.70203
1,20,1800,0.38623726,5.2151647,2.6272228,1.0,0.27735892,-177.59615
1,20,1825,0.38623902,5.239137,2.511388,1.0,0.27904466,-177.57713
1,20,1850,0.3862398,5.2553196,2.578164,1.0,0.27801722,-178.58966
1,20,1875,0.38623503,5.2768426,2.5358064,1.0,0.2784575,-179.61234
1,20,1900,0.3862317,5.289653,2.654102,1.0,0.26239926,-184.44493
1,20,1925,0.3862323,5.3033395,2.7279408,1.0,0.26581496,-183.34244
1,20,1950,0.38623384,5.319972,2.7277565,1.0,0.26613358,-182.58318
1,20,1975,0.38623586,5.334449,2.7717552,1.0,0.26244813,-181.98026
1,20,2000,0.3862363,5.3520446,2.7455726,1.0,0.2641148,-184.64731
2,1,0,0.3067846,0.21489461,0.20524617,0.43665576,0.16597547,370.90027
2,1,25,0.20351292,0.9135084,0.1520063,-0.7168474,0.23555514,-377.47363
2,1,50,0.11667112,0.017815303,0.2868792,-0.9959326,0.09365084,-604.00116
2,1,75,0.083924465,0.18511362,0.107393414,0.99328613,0.06127291,-685.6471
2,1,100,0.08065955,0.14562975,0.15985322,0.58817005,0.060253743,-758.5689
2,1,125,0.06928921,0.1598547,0.1123429,0.4540469,0.041910954,-866.1185
2,1,150,0.06959326,0.21479525,0.1429049,0.2654185,0.038792808,-824.34033
2,1,175,0.06899844,0.16751233,0.11398595,0.2595169,0.038487613,-878.1676
2,1,200,0.068480894,0.19900955,0.11288904,0.1520889,0.034708757,-887.06396
2,1,225,0.06869041,0.1625368,0.17403717,0.57438934,0.037644383,-872.82526
2,1,250,0.06757418,0.1769701,0.1153079,0.45898512,0.03557184,-852.23
2,1,275,0.0696441,0.1408403,0.21905023,0.2880038,0.036492452,-864.4957
2,1,300,0.068642266,0.22458881,0.082130335,0.78661394,0.0437113,-806.97076
2,1,325,0.06585138,0.18627293,0.13046865,0.121417135,0.03464819,-884.2985
2,1,350,0.0681749,0.18492737,0.15687032,0.19555579,0.03923317,-823.64
2,1,375,0.06548923,0.16391313,0.15713023,0.49125847,0.031305805,-887.1491
2,1,400,0.067329094,0.14327055,0.14438157,0.27488765,0.03543067,-902.65845
2,1,425,0.06546869,0.13241075,0.1324535,0.53222865,0.034043703,-897.4858
2,1,450,0.0672449,0.20546691,0.119011134,0.11868143,0.046142213,-810.0283
2,1,475,0.06605663,0.17667732,0.07655067,0.81908333,0.04878921,-842.2677
2,1,500,0.06620835,0.118925504,0.08815282,0.95348936,0.05098683,-842.72833
2,1,525,0.06571175,0.1210624,0.106854945,0.97972,0.051205672,-846.91846
2,1,550,0.06641435,0.13171452,0.087622814,0.9994777,0.051395815,-816.17896
2,1,575,0.06623679,0.14552392,0.07758427,0.9559665,0.05301651,-837.59424
2,1,600,0.06697254,0.14850605,0.07851918,0.9951135,0.052416127,-826.78217
2,1,625,0.06754003,0.15472503,0.102813356,0.99922734,0.051708642,-849.0753
2,1,650,0.06659695,0.10551044,0.091974,0.9970892,0.05740658,-805.029
2,1,675,0.0665207,0.1367849,0.11030832,0.98699147,0.052464884,-835.5641
2,1,700,0.0664608,0.11789085,0.11426304,0.9998923,0.05337935,-823.8725
2,1,725,0.06618838,0.10576007,0.07550355,0.9999153,0.05116365,-837.2961
2,1,750,0.066898145,0.10857913,0.079429515,0.99986136,0.050828904,-810.03284
2,1,775,0.06663439,0.12795205,0.06362225,0.9472796,0.053034034,-834.188
2,1,800,0.0655098,0.1356424,0.0981126,0.99430907,0.052133396,-839.603
2,1,825,0.06697168,0.13567503,0.09588821,0.99950856,0.05010147,-815.76794
2,1,850,0.06647799,0.12310747,0.10955138,0.9980354,0.04929283,-848.46704
2,1,875,0.065910734,0.14467824,0.09792262,0.9998255,0.05255741,-842.90576
2,1,900,0.06781749,0.13542901,0.11876254,0.8596821,0.05323276,-838.9831
2,1,925,0.06701485,0.12882087,0.11591105,0.9999994,0.05395419,-828.90314
2,1,950,0.06761668,0.101700194,0.10268729,0.99996895,0.053966954,-812.47394
2,1,975,0.06656178,0.096035786,0.09001067,0.9999986,0.055937845,-815.5463
2,1,1000,0.06726443,0.104454294,0.09421732,0.9999997,0.053034373,-833.44183
2,1,1025,0.07045695,0.17069143,0.11889627,0.9999857,0.054003548,-796.6885
2,1,1050,0.06786437,0.050817627,0.10838975,0.9458978,0.053567044,-844.8031
2,1,1075,0.068675034,0.08724801,0.096536614,0.95835733,0.06271356,-788.2939
2,1,1100,0.067363515,0.17432386,0.14219673,0.40682805,0.044121217,-811.9441
2,1,1125,0.06754448,0.19446671,0.151605,0.24480867,0.054385785,-781.72253
2,1,1150,0.331989,2.142047,1.8163582,-0.30499622,0.4397793,-232.56387
2,1,1175,0.36197343,3.4111443,2.9591417,-0.27574688,0.71508116,-63.008648
2,1,1200,0.36059138,3.5039191,3.049255,-0.2754672,0.26424623,-203.01862
2,1,1225,0.33750755,3.5106997,3.0886652,-0.28047007,0.29434845,-235.11942
2,1,1250,0.32291755,3.5111952,3.0777404,-0.27868846,0.23649737,-251.52917
2,1,1275,0.32173014,3.5112314,3.050893,-0.27451628,0.25037742,-250.50645
2,1,1300,0.31713665,3.5112336,3.0215144,-0.2699482,0.24833632,-251.60483
2,1,1325,0.31711817,3.5112336,2.9884603,-0.2648038,0.24963471,-249.92247
2,1,1350,0.31596035,3.5112336,2.9539049,-0.25942102,0.24937612,-253.0629
2,1,1375,0.31765428,3.5112336,2.9179664,-0.25382358,0.25011086,-250.66606
2,1,1400,0.31533003,3.5112336,2.8809676,-0.24806558,0.24873137,-253.72519
2,1,1425,0.31496033,3.5112336,2.84187,-0.24198706,0.2493555,-253.38693
2,1,1450,0.31438836,3.5112336,2.8020713,-0.23581068,0.24951425,-253.01088
2,1,1475,0.31300136,3.5112336,2.7607725,-0.22941871,0.24908,-254.68375
2,1,1500,0.3094843,3.5112336,2.718237,-0.22285686,0.2486136,-255.33832
2,1,1525,0.31209606,3.5112336,2.6719036,-0.21573806,0.24915248,-253.0766
2,1,1550,0.31161806,3.5112336,2.6249635,-0.20855999,0.24985684,-253.66866
2,1,1575,0.313236,3.5112336,2.576648,-0.20122202,0.24145648,-261.26572
2,1,1600,0.31152245,3.5112336,2.52867,-0.19398853,0.24490441,-257.70267
2,1,1625,0.3130956,3.5112336,2.4788294,-0.18654576,0.24374935,-258.13617
2,1,1650,0.3045452,3.5112336,2.427798,-0.17899926,0.24334933,-263.0319
2,1,1675,0.30845812,3.5112336,2.3710692,-0.17070697,0.24452092,-261.61154
2,1,1700,0.30547974,3.5111122,2.3124845,-0.16229479,0.24295036,-264.20642
2,1,1725,0.30286354,3.5110264,2.249153,-0.15333311,0.24282975,-266.88702
2,1,1750,0.30125526,3.5110204,2.1816685,-0.14393142,0.24283984,-266.78992
2,1,1775,0.29941437,3.5110204,2.1098058,-0.13413833,0.24256013,-267.9217
2,1,1800,0.30002144,3.5110204,2.032545,-0.123893976,0.24211659,-269.2813
2,1,1825,0.29485202,3.5110204,1.949232,-0.11318007,0.24211359,-270.96317
2,1,1850,0.2911683,3.5110204,1.8603351,-0.10217845,0.24083266,-272.30554
2,1,1875,0.28503025,3.5110204,1.7636272,-0.09074212,0.24114022,-275.10852
2,1,1900,0.28136483,3.5110204,1.6557461,-0.07865801,0.23991178,-276.24225
2,1,1925,0.2880775,3.5110204,1.5349476,-0.06598314,0.24150555,-274.6932
2,1,1950,0.26818404,3.5110204,1.4130391,-0.054283652,0.23857656,-284.5939
2,1,1975,0.28494707,3.5110204,1.2528033,-0.04041998,0.23731449,-288.12003
2,1,2000,0.37284443,3.5110204,1.1665624,-0.033252224,0.62212515,-104.02631
3,1,0,0.3036875,0.23314989,0.1958122,-0.42982143,0.12359339,2768.3418
3,1,25,0.12725927,0.8961532,0.3920413,0.70898217,0.19134347,-484.739
3,1,50,0.12778781,0.89537704,0.69793135,0.8185688,0.13002534,-514.87195
3,1,75,0.10953633,0.81576383,0.6883092,0.9991443,0.07990331,-669.2587
3,1,100,0.22307244,0.775309,0.75791556,0.24391374,0.21782261,-331.33994
3,1,125,0.21614355,0.779304,0.12566583,-0.18176755,0.2850873,-349.52277
3,1,150,0.21478286,0.7796242,0.009020563,0.78354084,0.20685416,-379.85312
3,1,175,0.22552645,0.77964956,1.465513,0.67100084,0.21949328,-284.88342
3,1,200,0.26002204,0.77965146,1.521125,0.6275665,0.23468171,-283.41376
3,1,225,0.26605833,0.7798457,1.4443702,0.5894743,0.23101833,-281.4661
3,1,250,0.23544636,0.7801122,1.3704274,0.55304044,0.23002897,-302.92368
3,1,275,0.24977006,0.78013253,1.2664212,0.49377358,0.2274091,-297.9795
3,1,300,0.2423376,0.7800581,1.1630179,0.423192,0.22726788,-305.6988
3,1,325,0.24690092,0.7800393,1.0601224,0.34087706,0.22565123,-311.75098
3,1,350,0.2507546,0.78003794,0.9666718,0.25840694,0.22403131,-313.47647
3,1,375,0.21723978,0.78003794,0.881276,0.18391809,0.22089121,-338.9259
3,1,400,0.21400458,0.77993417,0.781583,0.10671347,0.21750204,-331.4883
3,1,425,0.21756189,0.7798232,0.7004415,0.058138356,0.22099969,-341.49548
3,1,450,0.20955352,0.7798149,0.5926793,0.0215655,0.21395929,-351.83047
3,1,475,0.24221939,0.7798144,0.4704006,0.0013174553,0.21437615,-334.74966
3,1,500,0.20430219,0.7798144,0.54125077,-0.00183365,1.2175987,79.17371
3,1,525,0.20216434,0.7798144,0.536832,-0.0018279935,0.6064271,-138.90219
3,1,550,0.20206477,0.7798144,0.4837232,-0.0011322951,0.19507392,-377.2304
3,1,575,0.20006382,0.7798144,0.35212648,3.078907e-5,0.20294175,-390.5944
3,1,600,0.19896188,0.7798144,0.22766349,0.0001509378,0.19599134,-401.65497
3,1,625,0.19743967,0.7798144,0.13337085,-5.9285434e-5,0.19356358,-409.99704
3,1,650,0.19619162,0.7798144,0.07310403,-1.948032e-6,0.1919518,-414.24188
3,1,675,0.1947675,0.7798144,0.045985784,2.1453014e-5,0.1903104,-417.45563
3,1,700,0.19327855,0.7798144,0.025379317,-9.522187e-6,0.18889135,-420.4484
3,1,725,0.1916782,0.7798144,0.013007445,6.8350494e-7,0.18718511,-424.64014
3,1,750,0.18995132,0.7798144,0.0064088595,2.1305193e-6,0.18543892,-427.60648
3,1,775,0.20413928,0.8657297,0.11092999,0.9995437,0.1907784,-400.7165
3,1,800,0.20501044,0.90267944,0.054842852,0.99908197,0.20085345,-400.25815
3,1,825,0.20351811,0.9053931,0.0019261022,-0.43389192,0.19825496,-402.66342
3,1,850,0.20173322,0.905485,0.003969919,-0.94742185,0.19656913,-406.03726
3,1,875,0.19963399,0.90540737,0.012873254,-0.97298795,0.19591363,-408.08197
3,1,900,0.19670999,0.90540177,0.0067686513,-0.8941807,0.19308174,-413.70493
3,1,925,0.18850803,0.9054015,0.002414028,-0.18478939,0.18573429,-426.97327
3,1,950,0.18734102,0.9054015,0.040583175,0.84203726,0.18395135,-430.5672
3,1,975,0.1847101,0.9054015,0.025562394,0.2419067,0.18078798,-436.08728
3,1,1000,0.17908068,0.9054015,0.015355413,-0.19782126,0.17466065,-446.05948
3,1,1025,0.17564489,0.9054015,0.0061547523,0.15272383,0.17136547,-456.45126
3,1,1050,0.17202057,0.9054015,0.0018880712,-0.13347074,0.1673326,-464.32672
3,1,1075,0.19127442,0.9054015,3.2722266,-0.70687014,0.24990141,-255.65123
3,1,1100,0.19146675,0.9054015,3.6094015,-0.7068618,0.1750829,-265.84305
3,1,1125,0.19063228,0.9054015,3.6338842,-0.70683426,0.18589932,-274.48953
3,1,1150,0.18952964,0.9054015,3.6354911,-0.706805,0.17813686,-280.9448
3,1,1175,0.18805033,0.9054015,3.6354213,-0.70677525,0.17512883,-287.5504
3,1,1200,0.18662378,0.9054015,3.635225,-0.706745,0.17105849,-294.40668
3,1,1225,0.1851604,0.9054015,3.6350167,-0.70671415,0.16693047,-301.1513
3,1,1250,0.18348505,0.9054015,3.634805,-0.70668286,0.16291599,-308.59207
3,1,1275,0.18126264,0.9054015,3.6345901,-0.7066508,0.15869455,-315.82092
3,1,1300,0.17766812,0.9054015,3.6343718,-0.70661813,0.15442802,-324.06424
3,1,1325,0.17053925,0.9054015,3.6341524,-0.70658517,0.15058385,-333.16757
3,1,1350,0.16054581,0.9054015,3.6339278,-0.7065517,0.14631042,-341.48386
3,1,1375,0.14766146,0.9054015,3.6336946,-0.70651764,0.14113127,-351.56915
3,1,1400,0.17623252,0.9054015,3.6334565,-0.70648277,0.14086053,-358.97006
3,1,1425,0.19231948,0.9054015,3.6332207,-0.7064482,0.13627328,-376.4224
3,1,1450,0.13454248,0.9054015,3.632997,-0.7064151,0.15124105,-355.87897
3,1,1475,0.13221209,0.9054015,3.6327589,-0.70638025,0.14471836,-364.26413
3,1,1500,0.13520753,0.9054015,3.6325152,-0.70634407,0.1280098,-376.63666
3,1,1525,0.13021927,0.9054015,3.632264,-0.7063066,0.12969798,-381.0169
3,1,1550,0.1936886,0.9054015,3.6320217,-0.7062707,0.13684575,-407.5541
3,1,1575,0.16187504,0.9054015,3.6317892,-0.7062368,0.12760255,-417.387
3,1,1600,0.17585924,0.9054015,3.6315572,-0.7062029,0.12150708,-444.7791
3,1,1625,0.17519347,0.9054015,3.6313283,-0.70616966,0.12099081,-439.25406
3,1,1650,0.17047802,0.9054015,3.6311066,-0.7061366,0.11332028,-487.27286
3,1,1675,0.16519354,0.9054015,3.630892,-0.7061045,0.11092224,-493.0788
3,1,1700,0.16729794,0.9054015,3.6306822,-0.7060734,0.10238952,-506.91882
3,1,1725,0.17383327,0.90560436,3.6304736,-0.70604247,0.10266044,-510.90317
3,1,1750,0.16903113,0.9056477,3.630266,-0.70601165,0.10106044,-516.69836
3,1,1775,0.16992563,0.9056509,3.6300533,-0.7059798,0.101657525,-515.53076
3,1,1800,0.16567425,0.9056509,3.6298347,-0.70594704,0.10106001,-512.7711
3,1,1825,0.16814479,0.9056509,3.6296127,-0.7059135,0.09993532,-520.4383
3,1,1850,0.17392178,0.9056509,3.629384,-0.7058801,0.10013918,-512.6192
3,1,1875,0.16425702,0.9056509,3.6291494,-0.70584565,0.09817092,-522.053
3,1,1900,0.16452211,0.9056509,3.628913,-0.70581084,0.10017304,-504.74225
3,1,1925,0.16738574,0.9056509,3.6286678,-0.70577437,0.09587022,-515.88605
3,1,1950,0.15559706,0.9057767,3.6284194,-0.70573723,0.09635588,-528.97485
3,1,1975,0.16233677,0.90586555,3.6281683,-0.70569956,0.100718595,-530.6909
3,1,2000,0.1659928,0.90587205,3.6279166,-0.7056618,0.09625822,-527.7415
4,1,0,0.32750374,0.2009885,0.25333852,-0.39652428,0.11900829,1531.4031
4,1,25,0.10456838,0.97042996,0.34372538,0.93895096,0.1920909,-488.7928
4,1,50,0.09875901,0.677188,0.27787322,0.9958353,0.11156081,-628.89185
4,1,75,0.08592284,0.1748609,0.15254642,0.99845415,0.058198337,-785.7915
4,1,100,0.0725964,0.27607888,0.16304094,0.57136977,0.041269436,-850.9321
4,1,125,0.068106286,0.1645488,0.14972764,0.29667893,0.034279067,-877.6613
4,1,150,0.06764181,0.1766047,0.14652337,0.27229044,0.033621103,-888.6352
4,1,175,0.06767951,0.17357756,0.14124964,0.2187756,0.033534534,-884.9684
4,1,200,0.067408495,0.17191601,0.1330205,0.19013333,0.03361903,-888.3479
4,1,225,0.06612015,0.16492821,0.13387965,0.26471788,0.032976896,-894.70056
4,1,250,0.0647473,0.1635405,0.13699406,0.23074032,0.032294527,-900.06714
4,1,275,0.064952366,0.16420677,0.13959049,0.24679118,0.032062504,-899.42725
4,1,300,0.06496411,0.16575621,0.13518003,0.22433834,0.032109376,-898.54443
4,1,325,0.06564623,0.16723332,0.13756387,0.24236421,0.03198781,-897.1388
4,1,350,0.06536517,0.16518193,0.13545041,0.22177036,0.031961367,-898.213
4,1,375,0.067051664,0.16112277,0.13747424,0.30488354,0.03193943,-895.8613
4,1,400,0.06547604,0.19879462,0.142974,0.24645105,0.0321335,-892.43195
4,1,425,0.065248705,0.15855876,0.13852943,0.19565172,0.032007203,-901.17426
4,1,450,0.06526427,0.16132201,0.13999198,0.23493403,0.03186461,-902.03284
4,1,475,0.06529142,0.16337617,0.13952671,0.2079662,0.031832274,-901.3862
4,1,500,0.06516584,0.16114862,0.13490702,0.23276263,0.03185202,-902.3075
4,1,525,0.06520356,0.16296631,0.13538773,0.22546594,0.031868532,-901.41815
4,1,550,0.06559559,0.16312839,0.13746178,0.24749666,0.031906407,-901.7369
4,1,575,0.06605277,0.16483875,0.13809022,0.17779961,0.03181715,-899.5554
4,1,600,0.06547891,0.16823605,0.15776506,0.42257488,0.032374397,-896.8134
4,1,625,0.06670659,0.21308115,0.21262555,0.12930202,0.036262438,-834.1787
4,1,650,0.0749433,0.10393368,0.27554014,-0.99232084,0.05422952,-787.8963
4,1,675,0.060975645,0.208905,0.16310835,0.3628626,0.031038536,-947.502
4,1,700,0.05843644,0.19131644,0.1531396,0.32295743,0.02331719,-967.2768
4,1,725,0.05850123,0.18202223,0.13254432,0.34490374,0.024808303,-968.31866
4,1,750,0.058554895,0.18585826,0.13531098,0.318797,0.024432622,-967.9745
4,1,775,0.058523644,0.18605746,0.13475342,0.3264072,0.024462868,-968.6112
4,1,800,0.05854935,0.18577781,0.13451816,0.3224079,0.024477175,-968.42896
4,1,825,0.058595285,0.18559085,0.13449167,0.31597427,0.024472639,-968.48956
4,1,850,0.058609094,0.18449059,0.13559134,0.3124197,0.02448555,-968.4107
4,1,875,0.05855748,0.18577603,0.13560231,0.31630406,0.024438437,-969.16943
4,1,900,0.058556948,0.1854368,0.13554817,0.3171845,0.02445647,-969.0338
4,1,925,0.058533788,0.18557282,0.13492595,0.32234922,0.02453394,-968.4369
4,1,950,0.058575895,0.18552497,0.13419174,0.3240943,0.024457399,-969.14526
4,1,975,0.0585423,0.18630357,0.13423958,0.32999712,0.024528008,-969.2035
4,1,1000,0.058569774,0.18561913,0.13580771,0.32293808,0.02445647,-968.3206
4,1,1025,0.058576982,0.18655945,0.13470834,0.32125083,0.024488343,-968.5985
4,1,1050,0.058556564,0.18557133,0.13376758,0.30854785,0.024487644,-969.1312
4,1,1075,0.058613665,0.18577729,0.1343775,0.32484835,0.0244973,-968.75995
4,1,1100,0.058502752,0.18684071,0.13481945,0.31268528,0.024508582,-968.63556
4,1,1125,0.058613822,0.1850842,0.1353755,0.32027385,0.024472522,-968.65466
4,1,1150,0.05853388,0.18562289,0.13441078,0.31592596,0.024490204,-968.8825
4,1,1175,0.05859845,0.18702905,0.13479884,0.3138839,0.02452196,-968.6101
4,1,1200,0.058524758,0.18696825,0.1348963,0.32573935,0.024457166,-968.32916
4,1,1225,0.05851488,0.18449967,0.13561097,0.31402633,0.024517074,-968.40564
4,1,1250,0.058544483,0.18688485,0.1338595,0.3192111,0.024493111,-969.1521
4,1,1275,0.058697455,0.18492404,0.13521186,0.3233969,0.024537664,-968.57886
4,1,1300,0.058580518,0.1865131,0.13544676,0.31947717,0.024463564,-967.6803
4,1,1325,0.058657866,0.1877894,0.133414,0.3157012,0.024467636,-968.50073
4,1,1350,0.059205208,0.19541505,0.13613722,0.31955558,0.02450614,-963.5103
4,1,1375,0.058790024,0.18455099,0.13447648,0.28454307,0.024521029,-967.24
4,1,1400,0.05875487,0.18509576,0.13378985,0.33424032,0.024472289,-967.5444
4,1,1425,0.058604963,0.184988,0.13490058,0.31530106,0.024456818,-968.2244
4,1,1450,0.05855514,0.18636815,0.13524659,0.32609016,0.024465194,-968.6385
4,1,1475,0.058590874,0.18715446,0.13478953,0.30402213,0.024500556,-968.72363
4,1,1500,0.05891195,0.18460253,0.1376412,0.27186683,0.024631528,-968.31384
4,1,1525,0.058645293,0.18693149,0.13385126,0.29112178,0.024514515,-968.0386
4,1,1550,0.058540024,0.18813086,0.13601895,0.34083953,0.024490088,-968.4761
4,1,1575,0.058638938,0.18381576,0.13490847,0.31434718,0.024497997,-967.9822
4,1,1600,0.058609005,0.18823922,0.13385607,0.30346853,0.024526147,-968.6817
4,1,1625,0.058636516,0.18853366,0.13504525,0.3236706,0.024458563,-968.41046
4,1,1650,0.05859712,0.1849789,0.13325119,0.32490534,0.024458911,-969.14795
4,1,1675,0.058760848,0.1882863,0.13246088,0.3084326,0.024460308,-968.1265
4,1,1700,0.058709905,0.18502219,0.13495877,0.3050446,0.024570465,-968.33014
4,1,1725,0.05879278,0.19773641,0.13361575,0.3535344,0.024531266,-965.3678
4,1,1750,0.06657257,0.91620845,0.23113033,-0.61332524,0.026855206,-816.13605
4,1,1775,0.061089862,0.2835896,0.09879896,0.7203626,0.024611756,-936.0907
4,1,1800,0.062124792,0.23660588,0.15786842,0.07572288,0.02506422,-959.18414
4,1,1825,0.058696527,0.1869196,0.14262955,0.2590347,0.024633972,-967.3556
4,1,1850,0.058678154,0.18476415,0.13498881,0.28118855,0.02454883,-968.1886
4,1,1875,0.058660716,0.1851498,0.13524906,0.31415763,0.024484737,-968.0709
4,1,1900,0.058680054,0.18481323,0.1361691,0.31943163,0.024480084,-969.14734
4,1,1925,0.05867446,0.18595907,0.13575499,0.30609053,0.024481596,-968.1786
4,1,1950,0.058718987,0.18512788,0.13318785,0.32151636,0.024410052,-969.19763
4,1,1975,0.058710523,0.18512197,0.1345566,0.31458688,0.02449602,-968.2356
4,1,2000,0.058666863,0.18552901,0.13515098,0.33269337,0.024468916,-968.5249
5,1,0,0.3223209,0.17058858,0.17839365,0.55887467,0.12554951,2890.6223
5,1,25,0.1934794,0.90484565,0.22431892,0.47561094,0.22884938,-389.79486
5,1,50,0.18211718,0.9702619,0.07778737,-0.51078415,0.20659192,-423.6695
5,1,75,0.14995013,0.97631186,0.014712285,0.51141334,0.16575693,-507.9525
5,1,100,0.12354206,0.97686464,0.0037614806,0.25708503,0.12777188,-589.5302
5,1,125,0.1067119,0.97675914,0.00031883665,0.30285525,0.10433833,-647.38495
5,1,150,0.097354904,0.9765143,0.00097321975,0.9833427,0.09202373,-689.7365
5,1,175,0.09344785,0.9761891,0.08608624,0.99998456,0.0887549,-691.1951
5,1,200,0.10056929,0.9759399,0.113658465,0.99999756,0.086710416,-688.4536
5,1,225,0.0885108,0.9758611,0.057577696,0.9999999,0.080297016,-722.35736
5,1,250,0.11010984,0.9799115,0.5196136,0.999982,0.0967214,-637.2789
5,1,275,0.095422395,0.98095316,0.17475101,0.9857631,0.07443673,-739.32947
5,1,300,0.08435698,0.93550986,0.18513417,0.67647487,0.042981412,-842.3434
5,1,325,0.06633513,0.7851728,0.17667085,0.046278782,0.03364243,-859.7586
5,1,350,0.06597801,0.47658145,0.24938196,0.11027872,0.030949546,-858.368
5,1,375,0.06658108,0.4051096,0.19762947,0.3809516,0.03087072,-864.1575
5,1,400,0.06565237,0.4747176,0.18494077,0.0798021,0.031376164,-856.28143
5,1,425,0.06594131,0.453477,0.15503418,0.3182498,0.031959865,-879.1479
5,1,450,0.065784805,0.42618704,0.14574257,0.0063219294,0.03133261,-875.1345
5,1,475,0.06850913,0.4538411,0.111314595,0.27803567,0.031201009,-889.5844
5,1,500,0.06574884,0.45525584,0.15898803,0.34508336,0.03300573,-871.8333
5,1,525,0.06425945,0.44380388,0.12767065,0.060762968,0.033004116,-841.83636
5,1,550,0.0651173,0.49176595,0.14322254,0.2629829,0.033751234,-845.9577
5,1,575,0.063931495,0.43312007,0.1220939,0.41816774,0.038290985,-888.59894
5,1,600,0.06495824,0.41375798,0.13129683,0.1913001,0.032234855,-883.10565
5,1,625,0.07198734,0.48590577,0.12050446,0.24197976,0.03303941,-809.567
5,1,650,0.105866395,0.45459667,0.33718315,-0.17534402,0.042064812,-654.2528
5,1,675,0.101488374,0.51064175,0.80026233,0.14103018,0.043762423,-691.0338
5,1,700,0.28813627,0.2926288,0.29701743,0.3065259,0.047882807,1182.7682
7,1,0,0.2864456,0.2109516,0.22356832,-0.3307161,0.056398556,10149.804
7,1,25,0.12411283,0.8166953,1.0260692,-0.27734292,0.09798806,-522.01855
7,1,50,0.11260079,0.86717784,0.7124557,-0.35413367,0.09333664,-635.63
7,1,75,0.12371851,0.8562753,0.3554007,-0.6161764,0.08220685,-676.5581
7,1,100,0.11796597,0.8358163,0.3155345,-0.4339159,0.07242871,-662.63196
7,1,125,0.1303254,0.8523677,1.0541772,0.29183847,0.08929331,-583.6477
7,1,150,0.14182793,0.8725792,1.1414729,0.38778892,0.094239235,-546.35004
7,1,175,0.13502385,0.84326565,0.79490453,0.55173385,0.08174437,-626.5716
7,1,200,0.13545573,0.80109584,0.5585853,0.756375,0.071404316,-615.2266
7,1,225,0.12825142,0.7565566,0.71749324,0.5890179,0.065935366,-604.861
7,1,250,0.32930475,0.7748157,0.68153715,0.38275462,0.08758264,735.58575
7,1,275,0.23949097,0.98692924,0.94298995,-0.26146302,0.3021121,-303.7407
7,1,300,0.20000502,0.9957904,0.8993899,-0.33806947,0.23308845,-377.92114
7,1,325,0.1641293,0.97501796,0.69805944,-0.49941924,0.15475619,-475.85446
7,1,350,0.13073349,0.940392,0.4200124,-0.877672,0.1038228,-569.2542
7,1,375,0.12073231,0.9016461,0.36234486,-0.37029538,0.07494839,-602.3983
7,1,400,0.11473004,0.86298454,0.33478642,0.78676134,0.06396766,-679.12604
7,1,425,0.11173634,0.81295556,0.51923823,0.93136483,0.056380756,-646.07935
7,1,450,0.11028944,0.76338595,0.5517688,0.9456256,0.050149202,-709.6624
7,1,475,0.111912705,0.7149666,0.51217383,0.90076035,0.04989679,-691.56226
7,1,500,0.11354962,0.65788096,0.50317395,0.7192289,0.04988273,-713.8792
7,1,525,0.11033717,0.60086507,0.46209633,0.7837528,0.053353466,-716.11926
7,1,550,0.10919227,0.55776894,0.588561,0.93196034,0.051166937,-656.8681
7,1,575,0.10487831,0.50575626,0.44493333,0.8534287,0.046813834,-759.328
7,1,600,0.10352557,0.40079904,0.38549307,0.6340496,0.042356346,-779.87067
7,1,625,0.08689613,0.27674904,0.28298363,0.54654735,0.043488648,-771.6177
7,1,650,0.076152906,0.15778339,0.22752295,0.5025245,0.039160267,-834.4042
7,1,675,0.0739422,0.2028874,0.15644327,0.5693985,0.036049157,-901.3387
7,1,700,0.07043008,0.18940575,0.38757092,0.20642997,0.034368224,-861.77704
7,1,725,0.08395437,0.21049078,0.35621473,0.25193155,0.035210192,-655.2624
7,1,750,0.11910036,0.366796,0.7718775,0.0177977,0.06793841,-648.6144
7,1,775,0.112298734,0.34948048,0.65673965,0.60703045,0.058115896,-693.1824
7,1,800,0.09512735,0.3777174,0.6211182,0.99837583,0.045670945,-770.0814
7,1,825,0.101503626,0.42620015,0.447587,0.91972584,0.043195616,-782.4826
7,1,850,0.111599535,0.3971864,0.45879418,0.85535556,0.038780194,-797.1495
7,1,875,0.11325328,0.34324694,0.4150113,0.8166218,0.038882133,-812.783
7,1,900,0.07815589,0.2334236,0.21223494,0.4831329,0.036566928,-880.435
8,1,0,0.30583015,0.21723029,0.22475229,0.30788335,0.14979528,706.2836
8,1,25,0.12734975,0.9763013,0.2454189,-0.8296779,0.21657543,-445.78137
8,1,50,0.1296441,0.6698008,0.38273343,0.6363975,0.107860155,-532.7507
8,1,75,0.12833878,0.65114313,0.32412487,-0.023563335,0.11074511,-475.15927
8,1,100,0.15803397,0.46056548,0.43205,0.083282605,0.106983595,-517.46844
8,1,125,0.11774208,0.45872235,0.30119407,0.44858155,0.12274296,-503.1403
8,1,150,0.10431859,0.58145154,0.30433246,0.06251921,0.097100094,-573.67596
8,1,175,0.13140872,0.4583347,0.3906253,0.66319174,0.09344001,-558.1039
8,1,200,0.11737971,0.32253632,0.3595494,0.23299475,0.080655694,-552.9058
8,1,225,0.11620531,1.0290588,0.32388672,0.9065326,0.1054539,-476.73798
8,1,250,0.10810789,0.4770175,0.8393699,0.9963136,0.07971213,-621.37103
8,1,275,0.10545183,0.4169586,0.35205546,0.45920596,0.08176063,-624.43604
8,1,300,0.09865512,0.4007308,0.4076115,-0.0027573453,0.077740714,-596.2657
8,1,325,0.0829232,0.29034486,0.40024176,0.46554556,0.06415349,-723.7742
8,1,350,0.085350096,0.34897512,0.36959437,-0.13110116,0.05421518,-768.16986
8,1,375,0.08073488,0.15867867,0.26084962,0.4724394,0.04221362,-842.76373
8,1,400,0.07242318,0.17471488,0.20424615,0.32708377,0.037604544,-860.3722
8,1,425,0.06697197,0.21061212,0.1397616,0.5995001,0.03563419,-887.75305
8,1,450,0.06384409,0.20967278,0.11531964,0.49290463,0.033220008,-904.79254
8,1,475,0.06181104,0.2045899,0.12791069,0.54169303,0.032396324,-908.40686
8,1,500,0.061118327,0.19877446,0.1274446,0.5174882,0.03289846,-909.80835
8,1,525,0.06032441,0.20229495,0.12241236,0.5865462,0.03260877,-909.815
8,1,550,0.060068157,0.20913108,0.11750742,0.57161045,0.032649383,-909.891
8,1,575,0.06020025,0.21092145,0.11839527,0.6311167,0.032939985,-911.5463
8,1,600,0.06011138,0.21378493,0.11714878,0.5797841,0.03268723,-916.53735
8,1,625,0.06001167,0.21351688,0.113172546,0.5673032,0.032346696,-915.6048
8,1,650,0.05991098,0.2120892,0.116019115,0.580325,0.032363202,-913.1679
8,1,675,0.06063066,0.2171143,0.12179514,0.53238076,0.032562383,-910.00354
8,1,700,0.05982058,0.216637,0.103128955,0.5788137,0.03555263,-898.27057
8,1,725,0.060367987,0.21502692,0.11390211,0.61471236,0.034570463,-898.4421
8,1,750,0.06133752,0.21308823,0.09937206,0.42798346,0.036948767,-894.90607
8,1,775,0.060619943,0.22215174,0.10625964,0.5475723,0.035299495,-898.3591
8,1,800,0.059904605,0.21714379,0.105388425,0.5231868,0.035375673,-898.5789
8,1,825,0.06018384,0.21603546,0.10399485,0.6634555,0.03510304,-897.5099
8,1,850,0.06010968,0.21089917,0.10828932,0.62626517,0.035428602,-897.0762
8,1,875,0.05939731,0.21630187,0.11041227,0.49031842,0.034974124,-902.749
8,1,900,0.060209263,0.21478726,0.113243975,0.56856966,0.034914497,-898.5523
8,1,925,0.061643783,0.2175156,0.1153239,0.6640203,0.035393048,-895.96643
8,1,950,0.25515658,0.36652008,0.5703333,0.7365876,0.044735037,3068.4114
8,1,975,0.3853333,3.9415426,3.2291968,0.70689017,1.1592071,73.68653
8,1,1000,0.38561735,4.2085934,3.4238973,0.70646214,0.5903207,-106.5597
8,1,1025,0.38563594,4.2302394,3.4380991,0.70639426,0.333874,-165.89966
8,1,1050,0.38563442,4.2368236,3.4390066,0.70629746,0.38362035,-170.96097
8,1,1075,0.38563278,4.2412066,3.4389696,0.7062192,0.3699896,-171.2598
8,1,1100,0.38563088,4.2456717,3.4388583,0.7061372,0.37317252,-170.9743
8,1,1125,0.3856292,4.249702,3.4387531,0.70606256,0.37302265,-171.40285
8,1,1150,0.38562754,4.253662,3.4386494,0.70598835,0.3732519,-171.39952
8,1,1175,0.385626,4.2572937,3.4385545,0.7059185,0.37359482,-171.21495
8,1,1200,0.38562477,4.2604556,3.4384718,0.705859,0.3739975,-171.48856
8,1,1225,0.38562313,4.2640586,3.4383752,0.70579284,0.37328243,-171.31696
8,1,1250,0.3856218,4.2666473,3.4383087,0.70574576,0.37449005,-172.19368
8,1,1275,0.38562074,4.268614,3.4382577,0.7057116,0.37429363,-172.59715
8,1,1300,0.38561943,4.27054,3.4382079,0.7056787,0.3740262,-172.81903
9,1,0,0.28455076,0.22771779,0.20123617,0.42027515,0.101557694,2843.2683
9,1,25,0.14064932,0.939421,0.87387455,0.7189861,0.16707724,-396.9371
9,1,50,0.117351644,0.9648604,0.69463694,0.9964878,0.124323726,-530.95276
9,1,75,0.13268283,0.84603834,0.64063585,0.96294624,0.08260876,-575.24445
9,1,100,0.22702777,0.76621246,0.78036106,-0.24121687,0.20938103,-328.03384
9,1,125,0.24097751,0.7615769,0.58990043,-0.49661058,0.28612396,-320.7752
9,1,150,0.23404299,0.76101744,0.3979092,-0.5901926,0.22381748,-346.9437
9,1,175,0.21877486,0.7584792,0.3878328,-0.63862133,0.21767628,-367.85443
9,1,200,0.19906124,0.7540236,0.15530741,-0.857833,0.20011097,-407.9708
9,1,225,0.18639648,0.75368035,0.024146724,-0.65515214,0.18165141,-444.5166
9,1,250,0.18117265,0.7536541,0.026983641,0.296937,0.17276366,-454.1176
9,1,275,0.16962676,0.7536163,0.109113604,0.24245621,0.164411,-481.61447
9,1,300,0.15358615,0.75347227,0.03682437,-0.10404439,0.14903115,-498.36316
9,1,325,0.1463247,0.7534614,0.018867882,-0.2805553,0.14372848,-524.4654
9,1,350,0.30709678,0.7566541,1.1426858,0.8579711,0.22912169,-318.95715
9,1,375,0.18844628,0.7547536,2.4953833,0.8674323,0.24310873,-321.237
9,1,400,0.17278494,0.75461155,2.144275,0.92477256,0.16591538,-382.10645
9,1,425,0.1811509,0.75454205,1.70905,0.97190034,0.15068035,-445.97614
9,1,450,0.1617862,0.75447816,1.3281678,0.9936254,0.12973996,-486.32642
9,1,475,0.15197262,0.7544733,0.9336721,0.999799,0.12966353,-510.0826
9,1,500,0.1379851,0.75447315,0.4743279,0.9999125,0.12661342,-544.5056
9,1,525,0.12761483,0.75447315,0.06737259,0.99954414,0.11999999,-588.3259
9,1,550,0.119854465,0.75447315,0.13648033,0.9790769,0.10773964,-612.1449
9,1,575,0.1157719,0.75447315,0.123085395,0.99993676,0.10371996,-609.1225
9,1,600,0.11510717,0.75447315,0.15150604,0.9996878,0.106562115,-619.8913
9,1,625,0.10889954,0.75447315,0.035509486,-0.99789035,0.10069467,-648.45123
9,1,650,0.105173476,0.75447315,0.010933347,0.99984837,0.096894756,-660.55084
9,1,675,0.102879,0.75447065,0.003791327,-0.99999213,0.0946975,-665.5251
9,1,700,0.10126073,0.7544701,0.00394448,-0.9987636,0.09256886,-676.87805
9,1,725,0.099754736,0.7544701,0.0007675721,-0.8780549,0.091536835,-679.20184
9,1,750,0.098545246,0.7544701,0.0039772107,0.9998215,0.09019117,-684.5104
9,1,775,0.09740602,0.75433314,0.00020496118,0.999988,0.08927684,-689.97815
9,1,800,0.09633294,0.7537868,0.0006515974,0.99999017,0.08809777,-695.0715
9,1,825,0.09544701,0.75374657,0.00024345463,-0.99999905,0.08715258,-699.24176
9,1,850,0.09461004,0.7537435,3.0769505e-5,0.99999374,0.08626937,-703.7452
9,1,875,0.093863584,0.7537435,2.8488244e-6,-0.9989158,0.08558183,-704.9422
9,1,900,0.1404565,0.7537435,0.00015646374,-0.9765465,0.08810826,-511.04904
9,1,925,0.10443703,0.7537435,0.021589816,-0.71758044,0.12386569,-629.6919
9,1,950,0.09379621,0.7537435,0.07122396,0.22573628,0.08262061,-702.2593
9,1,975,0.09199366,0.7534777,0.011805954,-0.27493846,0.08350453,-709.09686
9,1,1000,0.09133697,0.75300324,0.03274039,-0.3202538,0.08342535,-713.17755
9,1,1025,0.09093262,0.75296843,0.0053965454,-0.87918955,0.0830704,-717.1283
9,1,1050,0.09037625,0.75297123,0.00033396058,0.9568795,0.08222651,-719.99396
9,1,1075,0.08996922,0.75297135,0.0003626669,0.49200156,0.0817781,-721.59235
9,1,1100,0.08951624,0.75297135,9.6043885e-5,-0.64274627,0.0814596,-723.3662
9,1,1125,0.09050502,0.75297135,0.1686797,-0.5041818,0.089494444,-680.4598
9,1,1150,0.089528754,0.75297135,0.107416995,-0.47211677,0.079643555,-720.56445
9,1,1175,0.0887199,0.75297135,0.098130934,-0.047418606,0.078602284,-721.08044
9,1,1200,0.08814746,0.75297135,0.026848834,0.17143808,0.08008522,-727.63806
9,1,1225,0.08792721,0.75297135,0.021209968,0.51116294,0.07995999,-729.1033
9,1,1250,0.08764218,0.75297135,0.035262715,0.48901638,0.079448245,-730.4618
9,1,1275,0.08739151,0.75297135,0.022336297,-0.2911771,0.07957254,-730.402
9,1,1300,0.08712588,0.75297135,0.032748945,-0.46897212,0.07917108,-731.4765
9,1,1325,0.086879164,0.75297135,0.040874187,-0.52262074,0.07867997,-732.50635
9,1,1350,0.08666223,0.7529586,0.033457946,-0.5991447,0.07839201,-735.0315
9,1,1375,0.086453035,0.7529552,0.05280798,-0.9520607,0.078488335,-734.28394
9,1,1400,0.08633981,0.7529552,0.033962492,-0.9982074,0.07762314,-734.931
9,1,1425,0.086103365,0.7529557,0.0476637,-0.939948,0.07759114,-735.8098
9,1,1450,0.08587664,0.75295615,0.046951544,-0.96042544,0.077666596,-736.90436
9,1,1475,0.08575926,0.75295615,0.029380918,-0.9980469,0.07729437,-737.35364
9,1,1500,0.08555848,0.75295615,0.051301803,-0.99988216,0.0773214,-738.16565
9,1,1525,0.08540874,0.75295615,0.04230755,-0.9999397,0.077151135,-738.87366
9,1,1550,0.085205086,0.75295615,0.04324504,-0.9999953,0.07736289,-739.61273
9,1,1575,0.085139416,0.75295615,0.039632764,-0.9999988,0.07675112,-739.9345
9,1,1600,0.08497297,0.75295615,0.049974076,-0.9999996,0.076693155,-740.6054
9,1,1625,0.084849894,0.75295615,0.05393139,-0.9999999,0.076868355,-741.1063
9,1,1650,0.084724426,0.75295615,0.04166311,-0.9999999,0.076583296,-741.6818
9,1,1675,0.09072939,0.75295615,0.8436056,-1.0,0.07847059,-623.481
9,1,1700,0.08494117,0.75295615,0.057452135,0.9999998,0.074917205,-731.44806
9,1,1725,0.08440178,0.75295734,0.6736122,0.9111667,0.07436436,-655.5397
9,1,1750,0.09011321,0.7524399,0.09675687,-0.9665906,0.076450445,-727.3857
9,1,1775,0.08536665,0.75221735,0.06559642,0.999225,0.07733641,-737.46985
9,1,1800,0.084288366,0.75221986,0.019831074,0.6701528,0.07751536,-740.7965
9,1,1825,0.08410531,0.7522184,0.049083598,0.5228212,0.077198036,-741.0977
9,1,1850,0.08393666,0.7522184,0.066295765,0.8032357,0.07651903,-739.8815
9,1,1875,0.08397325,0.7522184,0.03680052,0.9979539,0.076285996,-742.8162
9,1,1900,0.08388861,0.75221777,0.0375938,0.819803,0.07658009,-740.4201
9,1,1925,0.10272705,0.7522175,1.7614999,0.6968407,0.08068088,-557.5479
9,1,1950,0.1234216,0.75221974,0.73341376,0.9129642,0.076512955,-628.9939
9,1,1975,0.0845841,0.7522387,0.13513514,-0.9633845,0.07494242,-733.522
9,1,2000,0.083707444,0.75223994,0.061835613,-0.41858807,0.07590685,-742.2815
10,1,0,0.28764752,0.21533483,0.19435932,0.49156293,0.11184034,1440.422
10,1,25,0.11937685,0.9330374,0.63155293,0.5726262,0.19676039,-457.93085
10,1,50,0.10839647,0.67629033,0.18876018,0.8905769,0.12232881,-548.1545
10,1,75,0.10890138,0.16920148,0.43037215,-0.31860456,0.098304585,-628.2466
10,1,100,0.109618306,0.2385478,0.33917856,0.5522648,0.1053847,-499.96738
10,1,125,0.14318381,0.13454275,0.56371087,0.115349025,0.110326074,-580.35815
10,1,150,0.09679853,0.0967803,0.17007324,0.7050162,0.07245454,-686.9608
10,1,175,0.13744651,0.42654297,1.1931018,0.46783024,0.114820674,-511.8904
10,1,200,0.10829726,0.33678758,0.28669798,0.13918172,0.09420615,-593.12
10,1,225,0.09433077,0.20805593,0.6628769,-0.080094986,0.08156706,-669.13446
10,1,250,0.09551904,0.20898904,0.65272903,0.2943278,0.08017445,-682.67584
10,1,275,0.104910985,0.41300082,0.47047743,0.35838416,0.09826396,-566.20105
10,1,300,0.099203624,0.46448666,0.5024623,0.017547771,0.106540896,-517.15027
10,1,325,0.11349883,0.40734237,0.56449264,0.77323586,0.10581236,-568.4212
10,1,350,0.10281765,0.3433486,0.44977975,-0.30411002,0.11223829,-529.79254
10,1,375,0.12266171,0.22433084,0.6440081,-0.28356528,0.10619599,-557.3077
10,1,400,0.09775733,0.10898252,0.6116245,0.33811966,0.08913412,-654.97687
10,1,425,0.10579992,0.846977,0.2519696,0.73010314,0.1100128,-505.58875
11,1,0,0.32227457,0.19718528,0.2157706,0.47551084,0.120875046,2421.6274
11,1,25,0.1326438,0.9870159,0.7111721,0.76419437,0.19347015,-434.72644
11,1,50,0.44440898,1.0051514,1.3488189,0.4038901,0.3158122,-35.30479
11,1,75,0.29000616,1.0138757,1.0306009,0.30742207,0.40741158,-199.09348
11,1,100,0.24375676,1.0143957,0.13831566,0.35145625,0.2830299,-315.76532
11,1,125,0.2194481,1.0145137,0.030234274,0.10577501,0.2265899,-365.5347
11,1,150,0.21837369,1.014299,0.011761162,-0.09817511,0.22244751,-336.7852
11,1,175,0.22776821,1.0142266,1.1332803,-0.68087226,0.22810322,-310.0149
11,1,200,0.29022932,1.1730638,1.5613102,-0.60689294,0.2426659,-281.2597
11,1,225,0.2913426,1.1901808,1.5724655,-0.5895797,0.2488431,-276.80447
11,1,250,0.28781757,1.1914464,1.5376959,-0.5659301,0.24333335,-277.2254
11,1,275,0.28390315,1.1915013,1.4946837,-0.53595597,0.24266404,-282.29495
11,1,300,0.27990207,1.1914221,1.4477687,-0.49922916,0.24216121,-284.311
11,1,325,0.2751597,1.1911734,1.3971105,-0.45367774,0.24127331,-291.80276
11,1,350,0.26853555,1.1910875,1.3590156,-0.4145108,0.24128923,-289.8961
11,1,375,0.26277038,1.1908753,1.3089677,-0.35541338,0.23785472,-297.96872
11,1,400,0.2574906,1.1908182,1.2566142,-0.28225756,0.2375252,-297.4466
11,1,425,0.25199592,1.1905811,1.209609,-0.20694222,0.23647498,-294.07245
11,1,450,0.24529691,1.1899002,1.1678743,-0.13738635,0.23427333,-297.877
11,1,475,0.2387033,1.1896881,1.128987,-0.08081887,0.23510547,-306.7919
11,1,500,0.23124617,1.1890502,1.0896585,-0.040981524,0.23237982,-302.79474
11,1,525,0.22362714,1.1886634,1.0461974,-0.01677253,0.23201105,-315.6073
11,1,550,0.22175436,1.1884439,0.996662,-0.0046177725,0.22996268,-311.0479
11,1,575,0.21852542,1.1877807,0.9424992,-0.0004996156,0.22830296,-315.46948
11,1,600,0.21785201,1.1876204,0.8827838,0.00011872266,0.22847722,-318.56345
11,1,625,0.2194296,1.1874908,0.81988853,-0.0004928066,0.22643536,-322.53976
11,1,650,0.21848977,1.1875187,0.75558954,-0.0002596124,0.225938,-327.1359
11,1,675,0.21772438,1.1873463,0.68728036,-0.00010354602,0.22397424,-334.8276
11,1,700,0.2180636,1.1866173,0.61648095,-0.0014055787,0.22231618,-336.2097
11,1,725,0.21701004,1.1861932,0.5447136,8.783369e-5,0.22068109,-348.39996
11,1,750,0.21681291,1.1858796,0.46853247,0.0005852719,0.21912844,-353.9704
11,1,775,0.21675773,1.1855822,0.39212275,-0.0012971845,0.21709636,-357.25284
11,1,800,0.21642046,1.184322,0.31769902,-0.00076566695,0.21546645,-363.09784
11,1,825,0.21640643,1.1827692,0.25005984,0.0009867252,0.21535593,-363.10352
11,1,850,0.21596779,1.1820886,0.18965392,-0.0014341238,0.21234836,-373.66702
11,1,875,0.21574387,1.1815023,0.1332698,0.00038750115,0.21071813,-379.29895
11,1,900,0.21555823,1.1806841,0.08711471,-0.0032826676,0.20940143,-379.63397
11,1,925,0.21534729,1.1799717,0.05260727,0.0022703374,0.20913841,-384.10074
11,1,950,0.21557243,1.1794747,0.031510632,-0.008341907,0.2094052,-382.20758
11,1,975,0.21504283,1.178126,0.018494155,0.005790258,0.20835638,-383.9175
11,1,1000,0.21490954,1.1767063,0.0104090655,0.02630612,0.20798329,-384.29355
11,1,1025,0.21502854,1.1750616,0.0056214263,-0.027419975,0.20798202,-383.33514
11,1,1050,0.2148486,1.1744245,0.0029578842,-0.022150857,0.20787154,-384.51266
11,1,1075,0.21466011,1.173727,0.0015464807,0.047525927,0.20765664,-384.27264
11,1,1100,0.21479534,1.1729101,0.0008286715,-0.33525285,0.20737185,-386.09943
11,1,1125,0.21469639,1.1709605,0.00037315956,0.069972396,0.20729549,-386.19873
11,1,1150,0.21460709,1.1700445,0.0001723903,0.10790279,0.20758758,-385.316
11,1,1175,0.21469153,1.1689147,0.00013017905,0.802917,0.20781615,-387.05978
11,1,1200,0.21455215,1.1673586,8.5154745e-5,0.9050328,0.20829578,-385.7681
11,1,1225,0.21472457,1.1668227,7.952694e-5,0.9764135,0.2076853,-385.51
11,1,1250,0.21485873,1.1661327,0.00044672654,-0.9998435,0.20787948,-386.31317
11,1,1275,0.21474178,1.1653681,0.00020194189,-0.9998469,0.20801911,-385.71506
11,1,1300,0.21449025,1.1643491,0.0008455061,-0.99999833,0.2078913,-386.9333
11,1,1325,0.21467048,1.1620672,0.00082644087,0.99999976,0.20787996,-385.0684
11,1,1350,0.21462892,1.1615324,0.00018468965,0.999999,0.20860064,-384.92087
11,1,1375,0.21458098,1.161441,4.077681e-5,0.99999654,0.20797642,-384.53815
11,1,1400,0.21453053,1.1624025,0.00015163663,-1.0,0.20776075,-385.1228
11,1,1425,0.21441281,1.1627575,2.1008045e-5,-0.9999997,0.20783862,-384.94974
11,1,1450,0.21446516,1.1615431,3.2101598e-5,1.0,0.20808862,-386.61157
11,1,1475,0.21431012,1.160067,0.00022240679,1.0,0.20767388,-386.66806
11,1,1500,0.21429378,1.1598876,2.880477e-6,-1.0,0.2079765,-385.3981
11,1,1525,0.21426457,1.1598363,0.00012764552,-1.0,0.20753838,-383.25708
11,1,1550,0.21423633,1.1595734,0.00023056606,-1.0,0.20762022,-386.7925
11,1,1575,0.2142809,1.1575522,0.0003156252,1.0,0.20788635,-385.92285
11,1,1600,0.21469665,1.1555699,0.00057875307,-1.0,0.20802714,-385.36096
11,1,1625,0.2145906,1.1545296,4.0997656e-5,1.0,0.2076485,-387.61737
11,1,1650,0.2141782,1.154226,0.00012734054,1.0,0.2079584,-385.94266
11,1,1675,0.21411082,1.15298,0.00044114867,-1.0,0.20817594,-386.1213
11,1,1700,0.21421763,1.1495361,0.00027769973,-1.0,0.20815997,-384.18945
11,1,1725,0.21401182,1.1468848,0.00088293303,-1.0,0.20808165,-384.40536
11,1,1750,0.21405722,1.1443746,0.00024265778,-1.0,0.20830178,-386.0637
11,1,1775,0.21698095,1.1407462,0.0006013243,1.0,0.21087569,-381.9379
11,1,1800,0.21449398,1.1400458,0.00017312291,1.0,0.20883498,-384.24924
11,1,1825,0.21439363,1.1392361,0.00015953173,-1.0,0.21119975,-385.45963
11,1,1850,0.21458158,1.1365176,0.00019132122,-1.0,0.21266268,-380.84784
11,1,1875,0.21571936,1.1320965,0.00031752634,1.0,0.2121403,-379.6197
11,1,1900,0.21414919,1.1232167,0.0005153873,1.0,0.2127232,-373.06577
11,1,1925,0.21484363,1.1209679,0.00028574473,-1.0,0.2144205,-382.503
11,1,1950,0.2143023,1.119265,0.00019091839,-1.0,0.20845848,-385.1561
11,1,1975,0.21610294,1.1156423,0.0043462636,-1.0,0.21430545,-374.95
11,1,2000,0.21682972,1.114157,0.0024331757,1.0,0.21666029,-375.95764
12,1,0,0.26975727,0.14467132,0.23430891,-0.4379435,0.09568726,2095.828
12,1,25,0.10823367,0.93157023,0.44191566,0.98259246,0.16430996,-506.08713
12,1,50,0.104855075,0.722418,0.16414453,0.4872949,0.122809805,-564.7899
12,1,75,0.11309492,0.50255597,0.39898652,0.4816782,0.09801314,-548.9425
12,1,100,0.1027684,0.29675594,0.28526875,0.9945574,0.08255893,-677.9255
12,1,125,0.10763741,0.079424866,0.30326924,0.99748594,0.055953853,-800.59265
12,1,150,0.078545675,0.26280105,0.39491057,0.4812695,0.045195922,-785.4158
12,1,175,0.14215963,1.3824743,1.7279141,-0.31300813,0.116879925,-169.67303
13,1,0,0.29847547,0.19184971,0.2305467,0.46614116,0.09263243,4060.4307
13,1,25,0.2067953,0.8840516,0.77024055,0.6337781,0.19386254,-380.7348
13,1,50,0.1180752,0.92401916,0.5818478,0.7203778,0.1808848,-495.58084
13,1,75,0.121464536,0.8625386,0.020258248,0.18291616,0.12006797,-632.2066
13,1,100,0.10974726,0.7728549,0.119108014,0.9997262,0.08074411,-709.06824
13,1,125,0.06675633,0.6489073,0.054201704,0.14059664,0.056174427,-825.2571
13,1,150,0.070186734,0.43503633,0.14480701,0.58881885,0.042708796,-840.953
13,1,175,0.06621107,0.27518067,0.17513268,0.34646025,0.037679512,-836.8336
13,1,200,0.0722703,0.37881184,0.08432197,0.69351065,0.05427875,-855.33887
13,1,225,0.06864783,0.31374478,0.119136654,0.15087387,0.044340882,-829.8284
13,1,250,0.06973988,0.29647666,0.16198257,0.40534675,0.03673678,-873.93243
13,1,275,0.06898827,0.34776697,0.15779048,0.12939523,0.03237959,-849.2088
13,1,300,0.075575255,0.38044584,0.18651995,-0.26254874,0.030980289,-809.1854
13,1,325,0.37748924,1.5944065,3.571228,-0.7581411,0.75281227,-68.33072
13,1,350,0.37871236,1.782511,4.082826,-0.7649776,0.8869881,-5.9091377
13,1,375,0.3787874,1.7945889,4.117226,-0.7653607,0.64707464,-91.2839
13,1,400,0.37878323,1.7935771,4.1137094,-0.7652602,0.45885384,-158.17986
13,1,425,0.37875465,1.7934263,4.1049066,-0.7651997,0.36875305,-177.09114
13,1,450,0.378694,1.7941718,4.098866,-0.76515996,0.35344112,-178.82556
13,1,475,0.3786203,1.7948605,4.096966,-0.7651496,0.358366,-174.34404
13,1,500,0.37854663,1.7954621,4.094148,-0.76516056,0.36354798,-179.5405
13,1,525,0.37849155,1.7943566,4.083689,-0.7649447,0.3614844,-179.25267
13,1,550,0.3784572,1.7917601,4.071785,-0.7645921,0.36146066,-178.5653
13,1,575,0.37842155,1.7891457,4.060462,-0.7642616,0.36139497,-178.65462
13,1,600,0.3783794,1.7866278,4.049896,-0.7639422,0.36137182,-179.56339
13,1,625,0.3783362,1.7841998,4.040995,-0.7636409,0.36181447,-178.46286
13,1,650,0.37827933,1.7823678,4.0342226,-0.7634173,0.36158872,-178.71207
13,1,675,0.37821832,1.7812343,4.023927,-0.76323617,0.36147255,-178.41205
13,1,700,0.37813658,1.7811121,4.017422,-0.7631051,0.36223146,-178.87144
13,1,725,0.37804693,1.7806219,4.011644,-0.7629457,0.36167708,-178.66876
13,1,750,0.37793413,1.7802163,4.0078373,-0.762846,0.3628773,-178.82504
13,1,775,0.37779668,1.779332,3.998625,-0.7627196,0.35980016,-179.59412
13,1,800,0.37766728,1.7782652,3.9841084,-0.7624923,0.35937682,-179.18883
13,1,825,0.3775388,1.7771152,3.9689124,-0.7622284,0.35999095,-180.52504
13,1,850,0.3774119,1.7751573,3.949565,-0.7618625,0.35787478,-180.1645
13,1,875,0.37726265,1.7738317,3.9321918,-0.76156265,0.3561977,-181.02713
13,1,900,0.37708125,1.7734541,3.9173262,-0.7613334,0.35673264,-180.54933
13,1,925,0.37688556,1.772771,3.900852,-0.76110786,0.3553955,-182.89984
13,1,950,0.37668738,1.7700038,3.8741686,-0.7606532,0.35189477,-182.04619
13,1,975,0.37646845,1.7682742,3.8528967,-0.76026374,0.35392612,-183.26416
13,1,1000,0.3762288,1.7661248,3.828169,-0.75983775,0.35160252,-183.65842
13,1,1025,0.3759651,1.7644964,3.7991667,-0.75953066,0.35027823,-183.85872
13,1,1050,0.37566996,1.7634133,3.770409,-0.7592215,0.35010362,-183.33203
13,1,1075,0.37532732,1.7628134,3.7415195,-0.75892794,0.34913704,-183.2573
13,1,1100,0.37492973,1.7637231,3.7129385,-0.7586971,0.34819213,-184.74957
13,1,1125,0.37446794,1.7651354,3.684325,-0.75855887,0.34645733,-186.49081
13,1,1150,0.37393683,1.7677547,3.6656623,-0.7585439,0.34669858,-189.00136
13,1,1175,0.37330398,1.7736287,3.6480887,-0.7588576,0.3417771,-187.96492
13,1,1200,0.37251347,1.790108,3.631542,-0.75906074,0.34012806,-190.68867
13,1,1225,0.37155953,1.8070517,3.6188915,-0.75984925,0.33477604,-193.10219
13,1,1250,0.3703787,1.8295416,3.6188304,-0.76122,0.33543456,-194.34215
13,1,1275,0.36889896,1.8562567,3.6368637,-0.7635449,0.33067653,-197.94174
13,1,1300,0.36695576,1.8873667,3.6692615,-0.7669654,0.32266116,-202.48444
13,1,1325,0.3643468,1.9298911,3.7129707,-0.7715758,0.31131232,-212.27965
13,1,1350,0.36104557,1.9858172,3.7454464,-0.7768468,0.3053889,-216.87923
13,1,1375,0.35667065,2.0469248,3.772018,-0.78203475,0.28076586,-231.51149
13,1,1400,0.34960034,2.1361651,3.8053167,-0.78856164,0.2594317,-244.99712
13,1,1425,0.339462,2.2515721,3.812571,-0.7947749,0.21736144,-268.279
14,1,0,0.31964284,0.15128084,0.2445973,-0.5140139,0.14791599,604.60297
14,1,25,0.13009112,0.64677763,0.1456008,0.43270537,0.19804785,-475.83475
14,1,50,0.1294788,0.13660103,0.34893385,0.99998635,0.09297998,-559.3416
14,1,75,0.088936575,0.16626346,0.30727488,0.9031828,0.059163425,-743.93634
14,1,100,0.08997806,0.2650392,0.6540862,0.43002686,0.047794964,-691.9656
14,1,125,0.15670392,1.0244085,1.2184875,-0.012497056,0.098845325,-501.0582
14,1,150,0.1611796,0.29797423,1.1533593,0.2584762,0.078968406,-563.9913
14,1,175,0.13260221,0.3409388,0.9925178,0.5748048,0.06564471,-597.83496
14,1,200,0.10867779,0.49690178,0.61768365,0.86293757,0.06326058,-638.8274
14,1,225,0.08979091,0.37302068,0.44042507,0.8949115,0.0579511,-657.3209
14,1,250,0.087280266,0.2697482,0.3455732,0.8092477,0.06485268,-707.3072
14,1,275,0.08550737,0.40314984,0.39705554,0.77181596,0.06890928,-661.0487
14,1,300,0.088547096,0.21206926,0.2897399,0.5522345,0.06417753,-667.892
14,1,325,0.07960696,0.24232262,0.28632766,0.34978935,0.06987276,-638.41846
14,1,350,0.08539512,0.11938326,0.19243655,0.72894436,0.06597766,-710.4165
14,1,375,0.083853565,0.21087757,0.3258093,0.92741966,0.060803,-711.47174
14,1,400,0.086327896,0.15911052,0.27269787,0.79762024,0.0528485,-706.5067
14,1,425,0.086451955,0.21913995,0.2917672,0.84126955,0.050614513,-744.6064
14,1,450,0.08531806,0.32504922,0.44278687,0.68446404,0.05685545,-634.57196
14,1,475,0.08501273,0.35682216,0.3075791,0.12978649,0.080187105,-666.16284
14,1,500,0.10901344,0.19925737,0.24598843,0.13035859,0.06587532,-630.2089
14,1,525,0.094266936,0.3680764,0.47697031,0.6193542,0.086004585,-577.6238
14,1,550,0.08074209,0.38692197,0.30725887,0.3006869,0.09012995,-611.1678
14,1,575,0.11753221,0.47303754,0.6143587,0.73905736,0.0987977,-520.3717
14,1,600,0.14647566,0.10436976,0.92405796,0.8599104,0.12278092,-462.13724
14,1,625,0.14324412,0.45595112,0.6394848,0.78805935,0.10717927,-437.63867
14,1,650,0.12813179,0.20252043,0.6079908,0.5565153,0.11488125,-458.18112
14,1,675,0.0984401,0.538747,0.3133748,0.29524198,0.093276806,-550.85767
14,1,700,0.087992765,0.07167146,0.71162915,-0.029349815,0.114411846,-530.4929
15,1,0,0.30602708,0.22550961,0.24116635,0.5093353,0.0984755,4415.3047
15,1,25,0.17147441,0.82164943,0.62121433,-0.017066922,0.20541357,-389.51782
15,1,50,0.1259089,0.8455725,0.4236419,0.53094935,0.17908968,-449.53436
15,1,75,0.10202795,0.80315137,0.3679301,0.9799951,0.12278197,-581.9192
15,1,100,0.108383894,0.7243189,0.5615276,0.9991299,0.07622845,-661.683
16,1,0,0.3118241,0.24387127,0.24080247,0.4004315,0.1426628,780.27057
16,1,25,0.11519201,0.8137451,0.107776485,-0.8083069,0.1825131,-492.56897
16,1,50,0.098559596,0.24618211,0.2039925,0.6374925,0.09172164,-618.24115
16,1,75,0.08083285,0.22846279,0.28537983,0.9483279,0.04928341,-689.1362
17,1,0,0.3186904,0.17437646,0.1737838,0.57462066,0.11205521,3063.167
17,1,25,0.18171218,0.87504673,0.7178059,0.6693052,0.23385392,-327.82626
17,1,50,0.14020684,0.90847164,0.5576004,0.7958195,0.2067988,-416.54404
17,1,75,0.11367963,0.7525621,0.34256393,0.9945192,0.14417958,-529.0831
17,1,100,0.11513034,0.46890727,0.3709821,0.93488336,0.09315192,-617.01904
17,1,125,0.1097397,0.26810843,0.62663335,0.41519928,0.07432108,-633.02234
17,1,150,0.12201167,0.37618566,0.46620494,0.65885305,0.074735686,-644.6034
17,1,175,0.1067678,0.27216378,0.58981913,0.93296736,0.06751408,-621.2888
17,1,200,0.107092,0.3824683,0.43161622,0.645717,0.07015463,-589.13184
17,1,225,0.14513774,0.37480652,0.28568625,0.47409323,0.08151113,-582.0408
17,1,250,0.10424478,0.35971186,0.28780076,0.9264047,0.08568535,-650.9708
17,1,275,0.09581424,0.18071449,0.30661142,0.55486345,0.07302307,-677.1028
17,1,300,0.09281338,0.43163946,0.44764292,0.41163826,0.072586924,-631.16095
17,1,325,0.09167821,0.34950724,0.44546995,-0.43543637,0.080488965,-674.26166
17,1,350,0.0893017,0.27219382,0.14866252,-0.07530927,0.07470515,-722.6399
17,1,375,0.09887654,0.41944718,0.706654,0.43993822,0.08273804,-631.2251
17,1,400,0.0864237,0.13661829,0.09510691,0.01872222,0.07144938,-762.9878
17,1,425,0.114456736,0.6987662,0.5399409,-0.48565993,0.072323255,-661.37
17,1,450,0.088290334,0.17962058,0.54657227,-0.5630028,0.048961993,-789.0288
17,1,475,0.09929174,0.15417103,0.35101208,0.6925622,0.04199589,-857.1236
17,1,500,0.08690821,0.1962075,0.23256974,0.27606285,0.036718737,-848.36304
17,1,525,0.06336742,0.23283668,0.13234447,0.45543602,0.032597117,-897.08716
17,1,550,0.068346106,0.23509845,0.16046523,0.606278,0.030400408,-932.8947
17,1,575,0.06434904,0.18009487,0.120063804,0.67139435,0.030411972,-916.76733
17,1,600,0.063158676,0.21974646,0.1188358,0.1823204,0.028601518,-948.095
18,1,0,0.2853436,0.19497186,0.24242827,-0.43675584,0.087517224,2548.2065
18,1,25,0.15987988,1.0348854,0.30891812,0.11740563,0.17309187,-472.64386
18,1,50,0.11325356,0.9222309,0.1452017,0.97695845,0.12986381,-572.8843
18,1,75,0.097655654,0.5165007,0.18583159,0.99526024,0.07982242,-696.07117
19,1,0,0.30592093,0.17602652,0.24282615,0.3655733,0.09562357,4358.4873
19,1,25,0.13535056,0.8835354,0.982083,0.624265,0.16864893,-384.01294
19,1,50,0.13338202,0.90670633,0.83972234,0.77253944,0.14441961,-492.06323
19,1,75,0.38220465,0.86527854,1.0036299,0.5088209,0.20619199,-82.15767
19,1,100,0.25919393,0.861618,0.8483107,0.42778108,0.31251904,-261.81128
19,1,125,0.22425853,0.86112165,0.24335839,0.4890661,0.26025566,-324.92188
19,1,150,0.21649954,0.8609943,0.3684225,0.50211537,0.22164746,-338.40067
19,1,175,0.21532834,0.86098063,0.23845917,0.5411226,0.21078792,-378.47482
19,1,200,0.21384336,0.86093056,0.33327132,0.575792,0.21354891,-349.33057
19,1,225,0.21230768,0.8609052,0.35612947,0.5807367,0.21130735,-378.15643
19,1,250,0.21320151,0.86075145,0.3210644,0.59257627,0.20771863,-372.23917
19,1,275,0.2123275,0.8604541,0.30876577,0.59175473,0.20694914,-362.74728
19,1,300,0.20885304,0.86021274,0.094171636,0.660354,0.20304655,-394.68784
19,1,325,0.20605151,0.86009574,0.029375743,-0.4833353,0.20017733,-399.28436
19,1,350,0.20209795,0.86019886,0.012767669,-0.96295047,0.1988504,-407.74057
19,1,375,0.19651717,0.860086,0.00905656,-0.9997386,0.19371818,-404.81113
19,1,400,0.1894952,0.85991627,0.016337216,-1.0,0.18787383,-432.09952
19,1,425,0.17753977,0.860526,0.060304627,-1.0,0.1764826,-459.53995
19,1,450,0.16853426,0.8607536,0.10732593,-1.0,0.16013472,-481.849
19,1,475,0.15889472,0.8607852,0.15395653,-1.0,0.14848976,-504.90445
19,1,500,0.14681366,0.86082834,0.1202136,-1.0,0.13999274,-525.77466
19,1,525,0.13691056,0.8604398,0.10645629,-1.0,0.13213001,-541.2372
19,1,550,0.13300648,0.8603486,0.12141869,-1.0,0.12888059,-556.97894
19,1,575,0.13399343,0.8602231,0.16334963,-1.0,0.12566443,-561.4861
19,1,600,0.12492807,0.86019576,0.0062660584,1.0,0.121006764,-586.0775
19,1,625,0.12203544,0.8601935,0.010720455,1.0,0.11447383,-601.31885
19,1,650,0.1188737,0.86018693,0.006963148,1.0,0.112560876,-611.1466
19,1,675,0.11624139,0.8601866,0.016702684,1.0,0.108829714,-618.9999
19,1,700,0.11371129,0.8601879,0.0074898098,1.0,0.10651078,-628.7354
19,1,725,0.11129636,0.86018413,0.0030165745,1.0,0.104092255,-634.56573
19,1,750,0.109168425,0.8601838,0.00038360094,1.0,0.101676695,-644.32056
19,1,775,0.10719949,0.8601827,5.0577422e-5,-1.0,0.09984535,-650.29395
19,1,800,0.105278365,0.8601785,6.0632256e-6,1.0,0.09794407,-657.4258
19,1,825,0.10366513,0.8601766,0.00021751461,1.0,0.09633953,-662.7011
19,1,850,0.1021409,0.86017007,4.9371163e-5,-1.0,0.09471408,-667.9097
19,1,875,0.10074328,0.8601679,5.3966738e-5,-1.0,0.09315985,-674.2891
19,1,900,0.099493265,0.8601576,0.00020852959,-1.0,0.091875635,-679.2407
19,1,925,0.098383546,0.8601582,9.164829e-5,-1.0,0.09065335,-684.36584
19,1,950,0.12738363,0.8567841,0.921321,-1.0,0.15366599,-520.82306
19,1,975,0.24230498,0.846249,2.2663894,-1.0,0.21373627,-324.8402
19,1,1000,0.24171527,0.8454782,2.077688,-1.0,0.1574509,-367.95636
19,1,1025,0.2237707,0.8454212,1.7976398,-1.0,0.13612503,-437.98312
19,1,1050,0.18860717,0.84542024,1.515541,-1.0,0.09874208,-516.5663
19,1,1075,0.14883105,0.8454274,1.1590301,-1.0,0.08676124,-557.9161
19,1,1100,0.11676908,0.84537446,0.64339864,-1.0,0.08778696,-603.3526
19,1,1125,0.10485659,0.8452717,0.061953854,-1.0,0.09079445,-664.2853
19,1,1150,0.09837307,0.8450667,0.09673262,-1.0,0.086385176,-685.9915
19,1,1175,0.09160728,0.84501445,0.046055593,-1.0,0.084750794,-706.0579
19,1,1200,0.0896677,0.84496653,0.006743566,-1.0,0.083074786,-716.297
19,1,1225,0.09087132,0.8449446,0.52900374,-1.0,0.09749022,-644.12854
19,1,1250,0.08920753,0.84493256,0.11137195,1.0,0.080101505,-714.12354
19,1,1275,0.088864654,0.84489214,0.055581268,-1.0,0.08225374,-720.23224
19,1,1300,0.08822314,0.8448833,0.008476271,-1.0,0.08130696,-722.5995
19,1,1325,0.0879385,0.84487295,0.0065437597,-1.0,0.08100249,-725.5255
19,1,1350,0.08760636,0.8448521,0.00832815,-1.0,0.08092366,-725.4468
19,1,1375,0.08730356,0.844859,0.019177658,-1.0,0.0804057,-726.717
19,1,1400,0.08702839,0.84486467,0.019711953,-1.0,0.08008797,-729.3786
19,1,1425,0.08675767,0.844838,0.02629527,-0.99999994,0.07980283,-728.89777
19,1,1450,0.08649396,0.8448266,0.026835393,-1.0,0.079599075,-729.9937
19,1,1475,0.08627128,0.8448134,0.030127449,-0.99999994,0.079275586,-731.19543
19,1,1500,0.08603785,0.84480464,0.0018537283,-0.9999922,0.07944285,-732.43567
19,1,1525,0.085829005,0.84479636,0.0061636767,0.6284171,0.079317875,-731.66644
19,1,1550,0.08568152,0.84479207,0.033788644,0.28007105,0.07864019,-732.9183
19,1,1575,0.08546644,0.8524077,0.045142274,0.9614001,0.07870234,-733.4777
19,1,1600,0.08529948,0.8525851,0.046155028,0.95807654,0.078127876,-734.3696
19,1,1625,0.0851164,0.85269004,0.042170998,0.99999744,0.078027435,-735.42505
19,1,1650,0.08497908,0.8526887,0.03482168,0.9966283,0.07809613,-737.4748
19,1,1675,0.08486377,0.85267615,0.038907755,0.9940616,0.07787802,-736.82104
19,1,1700,0.08476427,0.8527138,0.038006898,0.99135584,0.077410445,-737.311
19,1,1725,0.08464451,0.85268474,0.034813188,0.8586587,0.07733365,-739.5739
19,1,1750,0.08453705,0.8526355,0.05085819,0.60816747,0.07699011,-738.45166
19,1,1775,0.084444515,0.8526038,0.05446837,0.750131,0.077198364,-739.28503
19,1,1800,0.0843514,0.8526561,0.040988807,0.79643,0.0769879,-739.8784
19,1,1825,0.084298536,0.8514854,0.0477303,0.98736924,0.07679274,-740.306
19,1,1850,0.08419362,0.85135484,0.03087738,0.9954918,0.07680996,-742.65027
19,1,1875,0.084138185,0.85136294,0.022132125,0.98933876,0.07667836,-740.6949
19,1,1900,0.08404733,0.85132444,0.04888139,0.69767594,0.077519774,-737.58844
19,1,1925,0.08401765,0.85125136,0.049794357,0.9315453,0.07737955,-738.0501
19,1,1950,0.083951615,0.8512485,0.07236711,0.9896748,0.0769432,-738.11676
19,1,1975,0.08387506,0.8511851,0.024572358,0.398443,0.07760119,-740.25665
19,1,2000,0.08384294,0.8511829,0.019103946,0.8015009,0.07688116,-740.75305
20,1,0,0.301625,0.21935758,0.21924318,0.50898254,0.12975766,889.57526
20,1,25,0.10799045,0.9395603,0.45628598,-0.93715286,0.20897524,-465.85825
20,1,50,0.09992478,0.33661476,0.10845407,0.9899157,0.09467765,-693.6885
20,1,75,0.072554514,0.39099604,0.1317198,0.9640448,0.048290677,-827.0894
20,1,100,0.06443358,0.2644553,0.13613214,0.67989945,0.039877944,-858.3677
20,1,125,0.064721294,0.22426648,0.12082451,0.19790158,0.041354194,-849.22894
20,1,150,0.06715602,0.23674098,0.12415476,0.5522913,0.04020665,-886.53595
20,1,175,0.06382016,0.26192522,0.1409711,0.39192718,0.03740177,-879.4224
20,1,200,0.061650164,0.2721054,0.118517555,0.4551752,0.037644956,-894.7937
20,1,225,0.063315116,0.28816926,0.14711244,0.57821846,0.033642314,-883.5841
20,1,250,0.061978098,0.31155786,0.14504719,0.45192498,0.03239748,-904.39954
20,1,275,0.062173337,0.25704116,0.15555653,0.5574196,0.033437233,-895.8696
20,1,300,0.06278282,0.28784284,0.15899663,0.3218906,0.031103252,-893.1398
20,1,325,0.0675756,0.50744504,0.10041011,0.4579853,0.043340374,-831.932
20,1,350,0.061684363,0.2578602,0.14657074,0.25947744,0.044698786,-860.3188
20,1,375,0.062170807,0.3070503,0.16243611,0.40619218,0.037893824,-864.8309
20,1,400,0.06323128,0.32576087,0.13618837,0.2687643,0.03711384,-881.43066
20,1,425,0.06207663,0.35714328,0.14059411,0.2068166,0.03127854,-886.9281
20,1,450,0.061820213,0.33990222,0.14806,0.29204518,0.033528887,-878.33075
20,1,475,0.06121211,0.34525007,0.14045599,0.27393082,0.03312037,-879.1242
20,1,500,0.06129152,0.31058276,0.14694375,0.2471853,0.03327351,-886.43195
20,1,525,0.061445862,0.36050582,0.15062156,0.17451224,0.032011822,-884.37085
20,1,550,0.06147084,0.3329888,0.14241017,0.2529215,0.0320595,-885.8173
20,1,575,0.061874315,0.33370858,0.1463738,0.3189745,0.031898785,-880.40265
20,1,600,0.06274518,0.31150597,0.13451293,0.30021924,0.035471287,-886.4823
20,1,625,0.062077414,0.34381694,0.14621735,0.2959081,0.034173775,-876.4127
20,1,650,0.062161747,0.296066,0.14253683,0.23648833,0.032991197,-886.79456
20,1,675,0.06171649,0.3184812,0.13946082,0.209758,0.03332067,-878.4884
20,1,700,0.06252441,0.32253736,0.15118998,0.053822458,0.032441102,-885.8158
20,1,725,0.065675475,0.38445914,0.1467869,-0.07156172,0.037583187,-855.9052
20,1,750,0.06309297,0.25908428,0.1516194,0.34363464,0.040292986,-874.4821
20,1,775,0.0625947,0.34558728,0.12778291,0.2551231,0.036664844,-885.44385
20,1,800,0.06258094,0.36063442,0.14840607,0.4347122,0.03298543,-884.91833
20,1,825,0.062727034,0.32087314,0.1571917,0.42367846,0.034034025,-887.12036
